ccID,ccLength,ccMeanSlope,ccStdSlope,minDrainageArea,maxDrainageArea,segmentLocation,slopeChangeToPrevCC,meanKSN
12_0_0.0,183.29397755868567,0.6829266524840687,0.07647651647711785,9000.0,58644.0,1.0,,40.356098039215695
12_0_1.0,55.13322316782838,0.2303681610943734,0.08811981359980797,58653.0,64332.0,3.0,0.45130953414381914,33.723555555555556
13_0_0.0,704.5299777032847,0.5850490190461819,0.09332944321072092,10476.0,150540.0,1.0,,49.27243750000002
13_0_1.0,53.38821507561082,0.7164264491184363,0.13200806916335858,150600.0,156580.0,2.0,-0.13137743007225433,63.085375
13_0_2.0,138.78373389614808,0.4694487104562508,0.08303274421925759,156630.0,175330.0,3.0,0.24781522471286344,63.095076923076924
13_1_0.0,626.776213786643,0.5641708733519976,0.08927073231123543,9711.0,149610.0,1.0,,50.45769886363635
13_2_0.0,83.2615384437874,0.5172863598868529,0.06799158812057712,9666.0,47538.0,1.0,,31.578478260869566
13_3_0.0,547.7075765430732,0.5701706266477777,0.08808803120636932,9000.0,149620.0,1.0,,49.55743949044588
13_4_0.0,229.50650981144304,0.5084755967593193,0.07214087716870138,9135.0,149600.0,1.0,,54.214230769230745
14_0_0.0,413.09085821581283,0.6970618831800118,0.1074715996329428,9234.0,75168.0,1.0,,47.23265999999999
14_0_1.0,228.17090893977962,0.3651147680499092,0.07988861821169241,75177.0,96741.0,3.0,0.3318912252142279,34.511879310344824
14_1_0.0,326.29997156089433,0.7174542821857522,0.11517191449380132,9000.0,75150.0,1.0,,52.459565789473665
14_2_0.0,236.66228642837558,0.7245239824183645,0.11957144361237644,9027.0,75141.0,1.0,,58.899111111111104
14_3_0.0,111.20828989773368,0.8258265643295025,0.08329650972900635,9144.0,73359.0,1.0,,38.31153571428572
14_4_0.0,96.41249348220533,0.29294767673900923,0.04989987182616859,9270.0,96741.0,4.0,,33.94214814814814
15_0_0.0,336.36792055936934,0.6513464188029711,0.11383854538006624,9126.0,39393.0,1.0,,33.49934375
15_0_1.0,87.85936448970288,0.2611154374202711,0.050480333848426116,39402.0,59481.0,3.0,0.3902920803298748,18.506538461538458
15_1_0.0,277.12747854058966,0.6257257921301885,0.10389666116002204,11934.0,39402.0,1.0,,30.88939506172839
16_0_0.0,226.49355541485735,0.7154288443085517,0.1335095671148024,9414.0,40590.0,1.0,,42.82124999999998
16_0_1.0,94.07693867445089,0.3500695871136173,0.08680363341661045,40599.0,47223.0,3.0,0.3642811297584551,26.136384615384618
17_0_0.0,166.2760532860205,0.5771547999941309,0.10646129182193306,9036.0,215230.0,1.0,,48.60809523809523
17_0_1.0,569.9291117426322,0.36681206398966215,0.07769982843157593,215650.0,349160.0,2.0,0.21034273600446884,58.51521383647799
17_0_2.0,39.302094649527234,0.7430439255401439,0.11475491380896369,349160.0,353460.0,2.0,-0.3762318615504817,97.37127272727274
17_0_3.0,43.43017480917284,1.067585591331296,0.09307892336929985,353570.0,353780.0,2.0,-0.3245416657911523,129.79916666666668
17_0_4.0,111.3646573772081,0.7493251690866348,0.12894874884621088,358280.0,374880.0,2.0,0.341623642984729,129.67645161290324
17_0_5.0,40.058837940264056,0.5021831245641637,0.10086043897070639,375030.0,379560.0,2.0,0.22377882378240344,130.1175
17_0_6.0,47.544732901105576,0.849163970323894,0.06676276444879214,379570.0,381200.0,2.0,-0.3469808457597303,129.84714285714287
17_0_7.0,35.89591748744275,1.1864802780172092,0.12696052382375142,381210.0,381420.0,2.0,-0.33731630769331544,118.20820000000003
17_0_8.0,62.35940865487346,0.3985222097391105,0.14029045859656394,382040.0,502050.0,3.0,0.7886551076004384,116.19183333333334
17_1_0.0,97.2773767041335,0.6681198846403921,0.08291881752824011,9009.0,21033.0,1.0,,28.997814814814816
17_2_0.0,622.2147841861939,0.3791294917528767,0.08716075475673406,9027.0,349160.0,1.0,,56.76363372093023
17_3_0.0,535.4515188485427,0.5816162124369488,0.09507244160988845,9018.0,67554.0,1.0,,37.31227205882353
17_3_1.0,120.94526222023666,0.9700032790304808,0.11281701026706209,67725.0,75321.0,2.0,-0.3883870665935323,82.75316666666667
17_3_2.0,218.71802032374248,0.7087096918742447,0.07257205721229129,81297.0,96795.0,2.0,0.2612935871562364,73.62156603773586
17_3_3.0,51.3748336094103,1.138117334068398,0.11639465854884859,96804.0,98784.0,2.0,-0.4294076421941536,93.33416666666666
17_3_4.0,61.22271208462851,0.40777548616721426,0.14995881078688736,98793.0,502050.0,3.0,0.730717936541101,112.20166666666665
17_4_0.0,455.20068597846756,0.4301628541979031,0.10661395481027298,10746.0,350170.0,1.0,,53.64189682539682
17_5_0.0,198.69324261707433,0.6820099265108365,0.08852454806590698,9081.0,67833.0,1.0,,45.46204081632653
17_6_0.0,41.108528468884465,0.8019888462267204,0.08719383414912323,9297.0,11466.0,1.0,,33.001909090909095
18_0_0.0,209.52816591252005,0.8662856023005319,0.10742580435234568,9360.0,56061.0,1.0,,62.65655102040815
18_0_1.0,424.01275803485066,0.5371480324326282,0.08887297779836437,56160.0,198770.0,2.0,0.32913756986790343,58.62081818181819
18_0_2.0,560.0527667412102,0.29870694352413407,0.07251213123568966,199490.0,773500.0,2.0,0.24262563225894523,66.76486842105268
18_0_3.0,48.94992869776447,0.9166882800163768,0.17345299039685141,773500.0,774430.0,2.0,-0.6221658798426937,82.78138461538461
18_0_4.0,576.3098034587846,0.31997512553797197,0.08808932340682422,775470.0,1012100.0,2.0,0.596713154478405,81.47503205128207
18_0_5.0,183.00297076234176,0.5053709743768312,0.14135334193637736,1012200.0,1043000.0,3.0,-0.16218405287469911,110.79159183673472
18_10_0.0,533.870570455908,0.35944454706609597,0.11443311177862425,10332.0,773500.0,1.0,,61.870598591549324
18_11_0.0,153.02766678751425,0.5717163591263595,0.1238596984818916,11709.0,24039.0,1.0,,28.838631578947368
18_12_0.0,464.44519380253115,0.34170616735704734,0.10377710515542461,9045.0,773500.0,1.0,,67.23005645161292
18_13_0.0,234.20676163824018,0.6560928782513848,0.0750074464136185,9315.0,22005.0,1.0,,30.371303571428577
18_13_1.0,227.96042319992955,0.3549530238794084,0.08041635250517619,22383.0,773500.0,2.0,0.30113985437197616,76.56163934426229
18_14_0.0,427.5211469517734,0.37414643469061265,0.08692648313116115,11313.0,773500.0,1.0,,62.95646902654868
18_15_0.0,446.24797530328954,0.7219033131506386,0.09057136878607465,9000.0,38718.0,1.0,,39.91131896551723
18_15_1.0,503.2419820979351,0.3143582652687514,0.0877920725073186,38925.0,1012100.0,2.0,0.40754504788188745,80.17363043478265
18_16_0.0,187.08195082213487,0.678297730818639,0.07199306640840825,9054.0,35757.0,1.0,,44.921452830188684
18_17_0.0,228.99939879911784,0.7493853946038183,0.09472216085777928,9126.0,34758.0,1.0,,40.567542372881356
18_18_0.0,59.58452535354135,0.8103476213714987,0.10822025163532548,9261.0,14697.0,1.0,,30.471600000000002
18_18_1.0,361.21004829044546,0.3017751981327585,0.09549726986951443,14706.0,1012000.0,2.0,0.5085724232387403,74.7649223300971
18_19_0.0,264.89319818599245,0.8034106293337732,0.09398864283689516,9000.0,55233.0,1.0,,42.47532394366196
18_19_1.0,226.85810771095885,0.4929427571842626,0.13219849292048585,55242.0,1043000.0,3.0,0.32906471956118827,102.79298387096775
18_1_0.0,143.78515220196294,0.7400732685097092,0.13406329581646195,9126.0,73683.0,1.0,,37.12026829268292
18_20_0.0,240.1888100000661,0.7793350310180226,0.08332486718659161,9000.0,55242.0,1.0,,45.4280294117647
18_21_0.0,234.9396005020844,0.7409358271891745,0.06076143261262461,9486.0,55251.0,1.0,,44.33893939393938
18_22_0.0,120.0217326089574,0.305112218840033,0.07344750971973674,9621.0,1012000.0,1.0,,104.82084848484848
18_2_0.0,422.9354140620542,0.5956772688720047,0.10877337375346928,9405.0,198740.0,1.0,,52.40595283018869
18_3_0.0,89.80995253667155,0.6971687463908535,0.10381231955486434,9405.0,38511.0,1.0,,46.768454545454546
18_3_1.0,119.29661296533533,0.4946341270103665,0.09193657148181368,119680.0,221800.0,2.0,0.20253461938048695,55.149571428571434
18_3_2.0,91.60036302739363,0.5835571801633852,0.14448361547480698,221880.0,239260.0,2.0,-0.08892305315301868,53.95369230769232
18_3_3.0,662.0892164722783,0.30852116515319183,0.06629447415032137,239290.0,773500.0,2.0,0.2750360150101934,64.66403825136616
18_4_0.0,273.5995911163411,0.5971253300551247,0.13304641561585562,9603.0,239250.0,1.0,,55.197164383561635
18_5_0.0,372.2838776822924,0.6245052387770409,0.12833319696626203,9126.0,198490.0,1.0,,51.0540425531915
18_6_0.0,177.6167040554333,0.5546496036320726,0.09926105079755553,9792.0,36063.0,1.0,,26.896571428571423
18_6_1.0,53.499516095563045,0.8633690571083046,0.09331564117929975,36468.0,37296.0,2.0,-0.3087194534762321,36.78793333333333
18_6_2.0,556.5794994943601,0.38181464178054303,0.08846985026175332,40941.0,773500.0,2.0,0.48155441532776155,58.277451612903256
18_7_0.0,194.23235521764508,0.6619141805602468,0.09500148698675291,9198.0,198490.0,1.0,,32.889740740740734
18_8_0.0,94.19994201423258,0.4887346292187751,0.09082293383094474,15291.0,35910.0,1.0,,25.963269230769228
18_9_0.0,197.4843308240107,0.6831643406401693,0.0902603221454734,9000.0,73269.0,1.0,,35.47268085106383
19_0_0.0,384.1928501859617,0.644329691227038,0.08214977669732226,9009.0,79299.0,1.0,,36.36956880733945
19_0_1.0,334.0890491774227,0.35878787963697967,0.07177807438433921,79335.0,203840.0,3.0,0.2854745692991901,43.323044943820214
19_1_0.0,347.77290537893487,0.6052627448419793,0.10512947139272873,12591.0,79416.0,1.0,,37.38568539325843
19_2_0.0,341.776478458967,0.576356219733285,0.09293550929909632,9513.0,170460.0,1.0,,34.67791489361702
19_3_0.0,468.29278151880004,0.41250380847608226,0.12141187529057312,9135.0,203840.0,4.0,,38.27432258064517
19_4_0.0,180.53885415595616,0.3647146371770413,0.08467936946722703,9063.0,203840.0,4.0,,43.111291666666666
20_0_0.0,310.532167515325,0.6694319676175953,0.07662619660968108,12816.0,72531.0,1.0,,48.234390243902425
20_0_1.0,731.835932611201,0.34193334560993677,0.0796116495140914,72567.0,1657200.0,2.0,0.32749862200765856,58.81698963730572
20_0_2.0,1645.7326303473676,0.16048943769236995,0.06619144157546498,1657900.0,3909000.0,2.0,0.181443907917567,55.606202150537605
20_0_3.0,47.65514433081666,0.5166125570775739,0.08657209473748118,3909100.0,3980600.0,2.0,-0.35612311938520425,106.85592307692309
20_0_4.0,92.01908584120606,0.22009657737629384,0.11240576754320744,3980700.0,4006700.0,2.0,0.2965159797012802,121.09640000000002
20_0_5.0,45.11122976810425,0.4052194030801985,0.12176336481069766,4006900.0,4013000.0,2.0,-0.18512282570390465,132.15
20_0_6.0,690.6336892483355,0.15500550895074958,0.09073290835358183,4013200.0,4471700.0,2.0,0.26103980174387487,71.962494949495
20_0_7.0,49.30532104130603,0.8339918200411301,0.19099456450365027,4471700.0,4474800.0,2.0,-0.6898122187048065,74.63483333333333
20_0_8.0,2283.595928575873,0.11309837282627884,0.054569853634868985,4475200.0,6483900.0,3.0,0.7209165082740479,56.6420047393365
20_100_0.0,97.51539279294559,0.5996480896776367,0.14000679989779247,9090.0,17595.0,1.0,,32.62900000000001
20_101_0.0,377.35703569820197,0.7282368538530871,0.10372994862437945,9891.0,68157.0,1.0,,51.44481372549022
20_101_1.0,42.38522213013419,0.8968979395868376,0.10919080077617165,68166.0,71820.0,2.0,-0.1805580370246308,63.02349999999999
20_101_2.0,122.78836542403079,0.6826836320889329,0.07021550128890769,72000.0,78183.0,2.0,0.21421430749790482,63.03262857142858
20_102_0.0,36.229534868304356,1.0023128937862351,0.3440389348530198,9405.0,10161.0,1.0,,28.670899999999996
20_102_1.0,2036.8026649448811,0.10643957332378977,0.04805798958163805,10170.0,6483900.0,3.0,0.8958872887291613,53.8085905096661
20_103_0.0,45.493521803880085,0.7399395602597515,0.12667864361494408,14103.0,19719.0,1.0,,58.37427272727273
20_103_1.0,66.2878154934992,1.2469010525333026,0.15645187378651684,19809.0,21708.0,2.0,-0.5069614922735509,58.43931250000001
20_103_2.0,32.70928073695644,0.4517823227562493,0.24561628621207354,21870.0,5352300.0,2.0,0.7951187297770531,73.17150000000001
20_104_0.0,49.451869640138696,0.5986369816411158,0.10177608496196903,9387.0,16389.0,1.0,,41.13392857142857
20_104_1.0,86.07498057634982,0.85043933952593,0.06954128224569381,16398.0,27819.0,2.0,-0.2518023578848144,41.24482608695652
20_104_2.0,1865.3719440499815,0.10584435492159434,0.05500151375928551,33264.0,6483900.0,3.0,0.7446090970442324,51.45114203454893
20_105_0.0,307.1487056313386,0.711924788503086,0.11216524995714866,9153.0,94806.0,1.0,,64.34646511627908
20_106_0.0,97.6080799151805,0.6348022626926614,0.0873437497300523,9360.0,5409600.0,1.0,,30.954639999999994
20_107_0.0,44.672066632693706,0.8959248900501388,0.0977424682990892,10188.0,27810.0,1.0,,42.90823076923077
20_108_0.0,189.1096480394634,0.6497805417156112,0.08875059314458963,10755.0,94815.0,1.0,,64.55990566037737
20_109_0.0,117.74110822702296,0.8556348869505186,0.06346500447469222,9000.0,12537.0,1.0,,34.70775862068966
20_109_1.0,1727.704237730139,0.09761872536525976,0.041697872466927306,12546.0,6483900.0,3.0,0.758014397856449,50.3887016460905
20_10_0.0,516.6077094350453,0.345631398353628,0.11646083269351466,12438.0,1657200.0,1.0,,56.9455460992908
20_110_0.0,169.5402861450562,0.8349407921272315,0.0752165729473125,9315.0,25434.0,1.0,,39.96037209302326
20_110_1.0,60.85979382253532,0.5660377635329695,0.06649624772070017,25479.0,27918.0,2.0,0.26890302859426196,39.96842857142857
20_111_0.0,62.18552125609588,0.7118894975276879,0.09684533586826949,10107.0,11736.0,1.0,,32.77358823529412
20_112_0.0,354.78766845318654,0.5286698855196786,0.0898600962266486,9504.0,70137.0,1.0,,35.19891666666667
20_113_0.0,107.24652066555682,0.8892236143453246,0.05329390046541576,9153.0,10953.0,1.0,,34.808458333333334
20_113_1.0,1465.7518031822603,0.09653218935259367,0.05116876892872949,10962.0,6483900.0,3.0,0.7926867144069121,48.64778883495143
20_114_0.0,249.7215615019341,0.4845342184023421,0.09363010041088317,9369.0,70146.0,1.0,,37.81192957746479
20_115_0.0,87.02793986463891,0.973728904096329,0.10203768782117316,9414.0,11628.0,1.0,,37.53205263157894
20_115_1.0,38.614768076387826,0.37742177667109417,0.2176966073800132,11637.0,5728500.0,2.0,0.5963071274252347,50.6536
20_116_0.0,222.726290917863,0.5725801982795677,0.07663133929867007,9180.0,70128.0,1.0,,39.049619047619046
20_117_0.0,158.16677627072028,0.598493798905933,0.08860507635795165,9918.0,47511.0,1.0,,28.444897435897428
20_117_1.0,914.7574719317511,0.10460065638210171,0.05793357657323794,47574.0,6483900.0,3.0,0.49391696740743596,45.228390625000024
20_11_0.0,432.4560557004857,0.68306250602454,0.1178456681963222,9864.0,58626.0,1.0,,43.22445871559634
20_11_1.0,1632.530781256656,0.16356898159664152,0.06742189076781802,58635.0,3909000.0,2.0,0.5065677356580085,55.557594360086746
20_12_0.0,2016.0497201725607,0.187997450142583,0.09166734014580881,9063.0,3909000.0,1.0,,55.84463444639713
20_13_0.0,274.9821183611727,0.6551551581581246,0.10659503706052145,9036.0,24633.0,1.0,,29.961830769230772
20_14_0.0,72.75089630871398,0.8510776595476408,0.08287835008581224,9081.0,17820.0,1.0,,32.896952380952385
20_14_1.0,587.1793597725147,0.3348521144997289,0.0794068658678504,17829.0,290420.0,2.0,0.5162255450479114,40.756458333333356
20_14_2.0,240.78128602886133,0.4272853035440915,0.1065487168172147,290430.0,450360.0,2.0,-0.09243318904436221,67.04501587301586
20_15_0.0,636.5516250982104,0.3222347351843949,0.06587845246684162,9144.0,290410.0,1.0,,36.72442622950821
20_16_0.0,629.8247094903278,0.3191816076689413,0.06191260082093898,10458.0,290410.0,1.0,,36.76098882681566
20_17_0.0,175.72421238948954,0.8522710202241599,0.09843547226932145,12960.0,27045.0,1.0,,46.33764285714285
20_17_1.0,1459.4319125432482,0.1618788768277176,0.074421952159727,27054.0,3909000.0,2.0,0.6796533238900597,54.38269733656174
20_18_0.0,1611.8451556521698,0.1650626208205876,0.0710741785571233,9081.0,3909000.0,1.0,,54.79284649122806
20_19_0.0,578.7143872440151,0.328339776596808,0.07333841307297324,9090.0,290410.0,1.0,,40.51889696969699
20_1_0.0,191.62982786994337,0.7201024913276245,0.13341917008231977,9153.0,72009.0,1.0,,45.56235999999999
20_20_0.0,117.14263146721123,0.530853436061993,0.07119342749226532,9180.0,1770900.0,1.0,,30.722064516129034
20_21_0.0,249.36122525036583,0.7384139190260647,0.058276306229830904,9198.0,39024.0,1.0,,44.454000000000015
20_21_1.0,1346.921129301918,0.15635425978034423,0.0702949278247197,39033.0,3909000.0,2.0,0.5820596592457205,53.50575520833332
20_22_0.0,191.93879344078292,0.7379857367915764,0.06368673463985151,10107.0,39024.0,1.0,,45.646733333333344
20_23_0.0,184.5791064550048,0.783522653629509,0.12018553189627487,9405.0,20781.0,1.0,,28.90478723404256
20_23_1.0,572.2342769939459,0.430572299182379,0.08834728487563293,20961.0,450360.0,2.0,0.32671938592431354,36.76939130434784
20_24_0.0,497.8229462919683,0.31804731217450943,0.06623514479709974,10431.0,290410.0,1.0,,39.992048611111116
20_25_0.0,162.9385982923868,0.8062160004974244,0.08459936932755382,9531.0,17073.0,1.0,,39.42289743589745
20_25_1.0,424.02398700701883,0.43928359163359076,0.09960339300096142,19053.0,2165800.0,2.0,0.36693240886383366,29.681495999999996
20_26_0.0,114.50092134935743,0.4207770989535796,0.08573804908019379,9576.0,11682.0,1.0,,18.225484848484847
20_26_1.0,52.51411851010789,0.5700157678205103,0.10272311123608209,11691.0,11826.0,2.0,-0.1492386688669306,17.9720625
20_26_2.0,141.8406467572739,0.26263375062320854,0.12973700713472758,11835.0,19881.0,2.0,0.3073820171973016,22.459324324324328
20_26_3.0,390.7633628059053,0.4382737909483735,0.11303364121302381,19890.0,450360.0,2.0,-0.17919572353965652,61.97571428571431
20_27_0.0,122.63054386485749,0.5873004215327985,0.12246608228821698,13077.0,15471.0,1.0,,23.696810810810813
20_27_1.0,155.80099764075484,0.3537145215604587,0.05871823533464596,15480.0,26190.0,2.0,0.2335858999723398,23.351956521739126
20_27_2.0,262.5982730266872,0.4627456984541641,0.12114943556262045,26199.0,2165800.0,2.0,-0.10903117689370567,34.4528947368421
20_28_0.0,307.0055770690014,0.5785201113351395,0.09746381720316119,9045.0,260160.0,1.0,,35.95779999999999
20_29_0.0,384.505207557915,0.30701995608412064,0.05792082743138726,9297.0,290410.0,1.0,,43.620261261261255
20_2_0.0,353.486841284491,0.5916803437800092,0.07820490857128601,10449.0,114820.0,1.0,,41.21728155339806
20_2_1.0,37.69765912124935,0.35930181901290326,0.09761158611164246,114830.0,119700.0,2.0,0.23237852476710585,50.31429999999999
20_2_2.0,432.6270901994145,0.3345010243898739,0.11853005210882357,119710.0,1657200.0,2.0,0.024800794623029532,57.56119834710745
20_30_0.0,253.5543444692909,0.5550551409361631,0.0722362921217887,9882.0,260450.0,1.0,,35.305
20_31_0.0,98.88381941097833,0.5342416294440183,0.09011889753070923,10584.0,11160.0,1.0,,18.823
20_31_1.0,84.66514668031787,0.2319573897038816,0.07698938464179113,11169.0,22977.0,2.0,0.30228423974013674,22.799346153846155
20_31_2.0,197.93285335364098,0.5571631537969527,0.08729910615125092,22986.0,45927.0,2.0,-0.3252057640930711,32.34392857142857
20_31_3.0,221.89475353358637,0.38583662722897266,0.1000577995579886,46215.0,2654100.0,2.0,0.1713265265679801,50.044761904761906
20_32_0.0,293.6842799000396,0.4615574066380517,0.10048176777470734,10773.0,2071000.0,1.0,,26.473686746987955
20_33_0.0,38.476163109147855,0.7167931726796205,0.11260200459296121,9270.0,12528.0,1.0,,27.7634
20_33_1.0,238.8475298436399,0.3039216323310876,0.0734278514720485,12546.0,290410.0,2.0,0.4128715403485329,48.539705882352926
20_34_0.0,134.37220394631032,0.6371984774983754,0.08217900925164763,9117.0,14796.0,1.0,,27.13015789473684
20_34_1.0,128.62894569132376,0.4047356673392741,0.1716931563932296,14805.0,2073500.0,2.0,0.2671048606295587,36.86097222222222
20_35_0.0,53.43261589938776,0.20265855766233054,0.09501444146107432,9423.0,22968.0,1.0,,16.5446875
20_36_0.0,181.7584614801301,0.45031491154452813,0.11007684010381921,9009.0,371890.0,1.0,,73.4831320754717
20_36_1.0,54.78450667311915,0.7630880826444685,0.08456870413437263,372200.0,383080.0,2.0,-0.3127731710999404,108.86999999999999
20_36_2.0,162.81287303453524,0.36520448814332473,0.09256491637286296,383120.0,421840.0,2.0,0.39788359450114374,73.43042222222222
20_36_3.0,799.1208777162263,0.2165596316489385,0.11562826400584016,421850.0,3909100.0,2.0,0.15391112169496726,51.34775446428568
20_37_0.0,117.56177691601351,0.44203862337999017,0.1419464880846798,12249.0,2072700.0,1.0,,38.17163636363636
20_38_0.0,69.15298188790246,0.4650841309150093,0.0954227982218505,11088.0,13014.0,1.0,,23.02283333333333
20_38_1.0,54.224992157416395,0.7478242142803743,0.08027897028980309,13023.0,13311.0,2.0,-0.2827400833653651,22.612666666666666
20_38_2.0,1026.5439280362743,0.1386070412182156,0.05882254515543279,13491.0,3909000.0,2.0,0.6092171730621586,50.10915932203389
20_39_0.0,42.51118841026098,0.4690261178229121,0.12406210719522001,13122.0,2005500.0,1.0,,38.99016666666667
20_3_0.0,337.0142638880463,0.6055718892893439,0.05687288779008155,10233.0,114800.0,1.0,,40.65064893617022
20_40_0.0,58.342171166512514,0.5881091408823035,0.08107009206619274,10764.0,31131.0,1.0,,29.341
20_41_0.0,44.29734874529034,0.3356320944098519,0.0990135218001313,13824.0,335050.0,1.0,,62.80349999999999
20_42_0.0,279.2296495842712,0.6424425974997731,0.11010699462672281,11367.0,340280.0,1.0,,42.77518840579709
20_43_0.0,296.93625857311287,0.3977771623505933,0.09097865979959957,12087.0,2654100.0,1.0,,44.80594047619047
20_44_0.0,186.24197408128248,0.4059493292588734,0.1370380941608694,9027.0,421840.0,1.0,,73.52707692307693
20_45_0.0,77.53673664135201,0.2923975232990492,0.08178408167427306,9198.0,10584.0,1.0,,16.4426
20_45_1.0,225.38589021550615,0.5834505478364737,0.10030458150860316,10593.0,161350.0,2.0,-0.29105302453742443,35.47734545454546
20_45_2.0,610.0965118129521,0.1561137987536937,0.08840350666901045,161560.0,3909000.0,2.0,0.42733674908278,49.00882183908047
20_46_0.0,153.76277916154078,0.6863566638486768,0.09360174915199751,13464.0,56331.0,1.0,,41.97059999999999
20_46_1.0,759.3088278279394,0.21773909819092574,0.11599886119635819,56457.0,3909100.0,2.0,0.46609083679837215,50.67339622641506
20_47_0.0,46.444888414700145,0.11878080738469543,0.09928601561877069,10458.0,12528.0,1.0,,29.919166666666666
20_47_1.0,78.04598347206137,0.8403137178251059,0.2570987249788813,12591.0,436590.0,2.0,-0.622284989310423,31.40990476190476
20_48_0.0,97.53576586010472,0.8975103799539087,0.06564515907336188,9009.0,22329.0,1.0,,38.59782608695654
20_48_1.0,685.9025101917541,0.1370920459690157,0.0748205317425941,22644.0,3909000.0,2.0,0.7601076655782573,49.34273604060914
20_49_0.0,264.53120986081586,0.47414795353079325,0.13369719787257883,9045.0,166720.0,1.0,,45.57438666666668
20_4_0.0,291.47652938876774,0.5856456099082064,0.07732236917910043,9126.0,114820.0,1.0,,42.56597647058824
20_50_0.0,254.644028569119,0.45580245036546424,0.12226649074572367,12096.0,166720.0,1.0,,45.085724637681174
20_51_0.0,48.18048480097654,0.8916792978573586,0.07899733988274696,9171.0,11754.0,1.0,,32.43478571428572
20_51_1.0,680.1107577347937,0.2056170238582714,0.11051428277476714,11943.0,3909100.0,2.0,0.6860622739990871,49.43797354497354
20_52_0.0,197.0198478327671,0.4069491428282172,0.10646176519186223,9198.0,2901600.0,1.0,,46.665618181818196
20_53_0.0,180.43088947831282,0.5157190329413275,0.09325090133048697,16740.0,264480.0,1.0,,36.85572549019608
20_53_1.0,461.08925294130523,0.15909347527739964,0.06456133897649424,265580.0,3909000.0,2.0,0.356625557663928,47.63606153846155
20_54_0.0,217.96394174017644,0.6703774335233044,0.09128516334648948,9729.0,30501.0,1.0,,36.44290740740741
20_55_0.0,129.2770421361346,0.3546035257295676,0.08530079186412194,9162.0,16686.0,1.0,,15.53436842105263
20_55_1.0,445.1598158232243,0.7281466128610667,0.12472078456553828,16695.0,3979400.0,2.0,-0.3694918311528557,50.73675193798451
20_56_0.0,465.2461512916903,0.1198594507369492,0.042508952376385294,9891.0,3909000.0,1.0,,48.14968421052634
20_57_0.0,82.13481280224441,0.5730820358311827,0.0685361457421353,9000.0,14598.0,1.0,,25.91864
20_57_1.0,388.7455518676389,0.12502190435500143,0.05217774529771752,14607.0,3909000.0,2.0,0.4480601314761812,48.340436363636385
20_58_0.0,80.09357761413742,0.6615153566396477,0.08506392174364023,9000.0,15822.0,1.0,,30.293347826086954
20_58_1.0,356.79978591492176,0.14901316725065078,0.0722758613849571,15831.0,3909000.0,2.0,0.5125021893889969,48.04171000000002
20_59_0.0,404.58409932768586,0.556481662468094,0.08085428461827646,12375.0,78471.0,1.0,,37.65551376146789
20_59_1.0,527.4982168267129,0.5939987713972362,0.11902283511321293,78480.0,159980.0,2.0,-0.03751710892914217,63.95135915492957
20_59_2.0,56.38072484726622,0.9953880307716638,0.11837426457435239,160280.0,160870.0,2.0,-0.4013892593744275,80.99976923076922
20_59_3.0,320.9626669415612,0.16566604377454547,0.11011882272646593,161010.0,4471700.0,2.0,0.8426956765154787,70.212
20_5_0.0,252.94093681658174,0.5910395097800722,0.06657983133267882,9009.0,114820.0,1.0,,44.146597222222226
20_60_0.0,134.3147177582643,0.44127223789101533,0.06459230494462656,12996.0,24390.0,1.0,,26.736138888888895
20_60_1.0,87.66083113210485,0.7879499236297869,0.08919906002056177,24453.0,28800.0,2.0,-0.34667768573877134,33.847449999999995
20_60_2.0,62.15297911654136,0.6220723521222883,0.10832388849356596,29745.0,30546.0,2.0,0.16587757150749827,44.217
20_60_3.0,126.77957974567431,0.9413832186001179,0.10948631930975551,30555.0,30789.0,2.0,-0.31931086647782936,49.0654074074074
20_60_4.0,662.2145646515779,0.5454261032202585,0.11603506114201725,30798.0,446000.0,2.0,0.40156832759340877,69.40602298850578
20_60_5.0,82.91146170699224,0.33848668467683635,0.08099824183129016,451650.0,462180.0,2.0,0.2013282063298727,84.62265
20_60_6.0,73.86196867649164,0.5819438722120966,0.05226589653407892,462200.0,4975000.0,2.0,-0.24345718753526024,84.37668421052632
20_61_0.0,173.64231798346137,0.6636959532591066,0.1270013275516875,10881.0,68697.0,1.0,,43.887906976744176
20_62_0.0,119.0461267154623,0.7175778409035043,0.0736469071692851,12618.0,19548.0,1.0,,34.47584848484849
20_62_1.0,72.26439774356898,1.0409665150024787,0.07923294922322771,19683.0,36486.0,2.0,-0.3233886740989742,41.504900000000006
20_62_2.0,833.0881511324112,0.561686101148634,0.12546331082992,36495.0,445160.0,2.0,0.4792804138538448,62.72035371179036
20_63_0.0,246.41667951407533,0.840175304727211,0.0982802004010602,9972.0,55620.0,1.0,,43.82385454545456
20_63_1.0,742.9965979520101,0.5454327425713636,0.1075781945870263,55683.0,446000.0,2.0,0.29958459017056327,66.74487562189054
20_64_0.0,85.0893971116469,0.7310276498274216,0.09245869294093292,9036.0,13959.0,1.0,,40.0987619047619
20_64_1.0,68.2069717096375,1.0193650325527879,0.09473540156243081,13968.0,36495.0,2.0,-0.288337382725366,41.5548125
20_65_0.0,97.31479720706973,0.7126918492568529,0.08088529050194164,9738.0,13653.0,1.0,,35.52778571428571
20_65_1.0,79.47390944266688,0.9633432192322047,0.06251161121618505,13725.0,14454.0,2.0,-0.25065136997535176,32.64134782608695
20_65_2.0,171.01001850622674,0.4577132907761744,0.08649023922858283,14463.0,19152.0,2.0,0.5056299284560304,22.021297872340426
20_65_3.0,272.5390656574501,0.7069536837625844,0.10472583900824804,19161.0,108040.0,2.0,-0.24924039298641015,42.485625
20_65_4.0,302.4507823706591,0.47752213167743224,0.09124336044716853,108060.0,178600.0,2.0,0.22943155208515226,58.568372093023214
20_65_5.0,50.65537535598194,0.6441757537655637,0.10268624188104405,178730.0,442930.0,2.0,-0.16665362208813167,81.65115384615385
20_66_0.0,489.40698428101774,0.6712965956059211,0.12351525995462635,11970.0,191710.0,1.0,,52.53359689922481
20_67_0.0,177.69763208204546,0.7668202687092384,0.12088305627463272,9279.0,14004.0,1.0,,31.01033333333334
20_67_1.0,158.97525170530812,0.5262067343110824,0.07128162658565013,14013.0,33516.0,2.0,0.24061353439815591,28.744255319148937
20_67_2.0,250.33391352063276,0.7343728800355187,0.11816765555391166,33525.0,107590.0,2.0,-0.20816614572443615,57.833577464788725
20_68_0.0,49.7756152780269,0.8224877683546788,0.08615348030654672,9891.0,66303.0,1.0,,45.11071428571429
20_69_0.0,87.85158753490869,0.7319057563474051,0.10119095540014938,9603.0,29016.0,1.0,,42.72075
20_69_1.0,86.97619985941174,1.0516528615657945,0.06723507331231034,29160.0,34884.0,2.0,-0.31974710521838967,63.084050000000005
20_69_2.0,43.36335121635735,1.3691118141104321,0.17353456638001186,35478.0,38916.0,2.0,-0.3174589525446374,40.2079
20_69_3.0,32.976023057690206,0.2991116910104198,0.2996652241362722,38925.0,42912.0,2.0,1.0700001231000122,22.7576
20_69_4.0,659.1058482184166,0.15872373858775707,0.09071408415396924,43128.0,4471700.0,2.0,0.1455630537471162,69.36695212765963
20_6_0.0,51.96714072996775,0.7273603476250234,0.1061397630680936,9792.0,242080.0,1.0,,35.53130769230769
20_70_0.0,513.9596186880194,0.610050592181612,0.11558713173851602,9162.0,160280.0,1.0,,61.535927536231874
20_71_0.0,211.8520704410947,0.8480317364553235,0.08229422017802077,9738.0,36036.0,1.0,,44.630396551724125
20_71_1.0,36.1498736976146,1.0109365282833012,0.20860446143614805,36252.0,36342.0,2.0,-0.16290479182797768,65.77080000000001
20_72_0.0,64.50656609972452,0.4442598862959247,0.06441606356075834,9531.0,33507.0,1.0,,28.67341176470588
20_73_0.0,188.17989141243646,0.9422326538610676,0.07911957272358691,9189.0,22239.0,1.0,,43.503627906976746
20_74_0.0,604.9506495067147,0.5643414309208657,0.08533313997615644,9306.0,156370.0,1.0,,48.27387804878049
20_74_1.0,37.36127004905397,0.3696867487836762,0.08405918658693434,156470.0,158360.0,2.0,0.19465468213718956,53.897272727272714
20_74_2.0,276.5993928439629,0.5456744820407449,0.12550682044698896,158370.0,227840.0,2.0,-0.18346982159583342,74.45164102564101
20_74_3.0,40.36927357200322,1.0271538099819733,0.12674526088118604,227840.0,228060.0,2.0,-0.47399723960246387,113.112
20_75_0.0,702.5186422222589,0.16142165420330803,0.09550708003381381,15264.0,4471700.0,1.0,,69.83838118811886
20_76_0.0,263.5931911431085,0.7437230920883026,0.12057890727782458,10215.0,107430.0,1.0,,52.85029333333331
20_77_0.0,330.81955162807714,0.6171198453836774,0.11460473280619246,9459.0,160280.0,1.0,,70.78331395348837
20_78_0.0,329.6742856265405,0.6963774540732042,0.10284849129226069,9036.0,160390.0,1.0,,69.40624137931034
20_79_0.0,50.52879430804876,0.7580859596376693,0.06274727419132516,11313.0,35973.0,1.0,,57.089499999999994
20_7_0.0,350.3282626144547,0.7274618773361397,0.085548482227521,11142.0,34821.0,1.0,,40.13764634146341
20_80_0.0,482.46446066906753,0.5322037912016616,0.13411180492454336,13077.0,446000.0,1.0,,59.133919117647054
20_81_0.0,101.30698735916519,0.72449123358656,0.0700508270141137,10377.0,17784.0,1.0,,38.820249999999994
20_81_1.0,41.65040092611834,0.9968968872518792,0.12280808602779175,17793.0,18594.0,2.0,-0.2724056536653192,39.911199999999994
20_82_0.0,373.85838947928687,0.59355495954488,0.1126378558892399,9414.0,156260.0,1.0,,46.14909375000002
20_83_0.0,373.8553537956168,0.5936284671940054,0.11354458789022505,9180.0,156260.0,1.0,,45.9726979166667
20_84_0.0,393.6023776506286,0.5319547611220018,0.10213478868772509,9081.0,158420.0,1.0,,53.56431531531534
20_85_0.0,115.55416428984465,0.6128261112039356,0.06225780490036831,9081.0,139890.0,1.0,,32.25968965517242
20_86_0.0,468.0125460816229,0.15469062650753854,0.08072136165250797,9072.0,4471700.0,1.0,,68.3904850746269
20_87_0.0,36.92208516083978,0.8894629067028523,0.1457257330956738,14103.0,17469.0,1.0,,36.4841
20_87_1.0,406.15169499341107,0.1598190825228884,0.09578873431075922,17478.0,4471700.0,2.0,0.7400757682732582,68.91725000000001
20_88_0.0,54.531025423438344,0.8323571754155451,0.08635934516399471,9108.0,229990.0,1.0,,39.38391666666667
20_89_0.0,308.66645661319853,0.5382634749183418,0.12331897254071206,15327.0,158430.0,1.0,,52.174430232558166
20_8_0.0,549.7685157303991,0.37275663139474385,0.1269993566201215,9756.0,1653600.0,1.0,,55.66066883116885
20_90_0.0,398.5274913370729,0.14812638780496667,0.0839896458374393,9027.0,4471700.0,1.0,,69.33313157894737
20_91_0.0,342.3025273124301,0.7014278258211721,0.09498784632417187,9639.0,210560.0,1.0,,44.419714285714285
20_92_0.0,309.72040450237876,0.1546113012962415,0.09166330341747686,11925.0,4471700.0,1.0,,64.67589885057471
20_93_0.0,92.22552224398927,0.5303183085457962,0.10439389981015566,9000.0,258520.0,1.0,,71.85539130434782
20_94_0.0,297.14419836324817,0.6167636634125508,0.1144276690814879,9000.0,4975000.0,1.0,,38.027397590361446
20_95_0.0,46.16323893225392,0.5725891473611517,0.113950258653675,10062.0,156370.0,1.0,,50.21438461538462
20_96_0.0,36.23982274932774,0.3092217872321777,0.10028729719546012,12087.0,13158.0,1.0,,36.762299999999996
20_96_1.0,252.333230871488,0.8276762600078829,0.09036646691623539,13167.0,41130.0,2.0,-0.5184544727757054,44.485412698412695
20_96_2.0,47.767634207107825,1.2126135910168503,0.08984018466588874,41139.0,41544.0,2.0,-0.3849373310089672,76.5062
20_96_3.0,36.33145830206157,0.49559803058721175,0.2579728859003356,41553.0,5324900.0,2.0,0.7170155604296385,78.08189999999999
20_97_0.0,2294.890815377008,0.1129489341531547,0.052666751409364464,9027.0,6483900.0,4.0,,56.37606446540881
20_98_0.0,93.94369397541234,0.43828293543116886,0.08972692499099369,13482.0,25803.0,1.0,,23.491039999999998
20_98_1.0,568.9170980099921,0.6983179309384041,0.10865639467304929,26046.0,94815.0,2.0,-0.26003499550723524,55.95662732919254
20_99_0.0,51.562240488465356,0.9483606308462448,0.13244650114740764,10332.0,10872.0,1.0,,42.86554545454546
20_99_1.0,54.45514424081726,1.2401762561831349,0.08171992648017075,10881.0,11475.0,2.0,-0.2918156253368901,42.81383333333333
20_99_2.0,41.07187718570212,0.5811548033076269,0.24375370347128547,11484.0,5240900.0,2.0,0.6590214528755078,46.5221
20_9_0.0,150.98120845449466,0.7119223176888284,0.06849544650625036,9162.0,17028.0,1.0,,30.251621621621627
20_9_1.0,58.342998381969224,0.9978498962350341,0.09843333143748353,17217.0,18972.0,2.0,-0.28592757854620565,40.4015
20_9_2.0,53.47336570128794,0.5829685544829182,0.1276586303222777,19116.0,479840.0,2.0,0.4148813417521159,47.534
21_0_0.0,219.90837967367295,0.7140108256455662,0.06409254640781416,9144.0,173640.0,1.0,,36.533854545454545
21_0_1.0,51.587292614484994,0.42945376567496535,0.10668103166456336,173850.0,175900.0,2.0,0.28455705997060093,78.99093333333333
21_0_2.0,229.7301267111928,0.8300810540133677,0.17863933213624855,176080.0,301210.0,2.0,-0.3622132684232385,99.8105178571429
21_0_3.0,41.69464095270262,0.5465137178420804,0.09574660241782747,301840.0,321560.0,2.0,0.24515331625612347,105.47272727272725
21_0_4.0,85.15799034949167,0.755623736971719,0.0829617694200626,321570.0,444620.0,2.0,-0.2091100191296389,105.4757894736842
21_0_5.0,281.74110616803813,0.34172791410696146,0.08500023856186296,444800.0,521500.0,2.0,0.41389582286475773,73.34971232876711
21_0_6.0,135.42278304762462,0.8421619013752845,0.10257766794318517,521500.0,563020.0,2.0,-0.5004339872683232,133.7684375
21_0_7.0,283.53373170882185,0.3580261564385349,0.11125992211220782,563790.0,596020.0,2.0,0.4841357449367497,77.62601369863016
21_0_8.0,86.5513511614888,0.8191401414295727,0.16012131530337534,596070.0,645610.0,2.0,-0.46111398499103784,107.77376190476191
21_0_9.0,266.5647387310491,0.5183044101438948,0.06932867605890285,645880.0,899120.0,3.0,0.2997022662597607,115.24565217391303
21_10_0.0,238.64192106739628,0.31546701427714174,0.07579243369741481,9702.0,521500.0,1.0,,69.23945000000002
21_11_0.0,896.7306763718839,0.6459774622305036,0.11621570027262362,9279.0,183450.0,1.0,,55.510865546218426
21_11_1.0,42.677476403306024,0.9215816319444579,0.08260314651523727,183460.0,217970.0,2.0,-0.2791487819827815,81.57483333333333
21_11_2.0,53.11413046669198,0.42099019466869236,0.10073713484910875,218260.0,899120.0,3.0,0.49378736071630214,83.86753333333334
21_12_0.0,858.9191476309553,0.6419240562079308,0.1172411437852788,9153.0,183440.0,1.0,,56.89088839285709
21_13_0.0,148.56250452425638,0.6799555603605485,0.06778125787506342,11529.0,26316.0,1.0,,34.85782926829268
21_13_1.0,107.12232730894195,0.9701551981494304,0.06430101926081194,28026.0,559720.0,2.0,-0.2901996377888819,67.70278571428572
21_14_0.0,770.4814945882767,0.634175653579033,0.12203074460637423,10548.0,183440.0,1.0,,60.14276237623757
21_15_0.0,275.32115346338287,0.7125551355111304,0.07548769387008132,9198.0,20889.0,1.0,,30.248987654320974
21_15_1.0,71.15077519202129,0.5269304269148408,0.07114798018566709,20952.0,44613.0,2.0,0.18562470859628977,39.92165000000001
21_15_2.0,86.00224693099874,0.9003068086207856,0.1553172948736354,44622.0,50166.0,2.0,-0.3733763817059449,68.19745833333334
21_16_0.0,322.54810221863124,0.5572723222920539,0.08515714833670529,9531.0,113740.0,1.0,,50.579146341463435
21_17_0.0,103.30027471475258,0.5798478300700809,0.10154254282876587,9018.0,13446.0,1.0,,31.3317
21_17_1.0,45.923210589474856,0.829145656679395,0.09646490063974825,13500.0,14211.0,2.0,-0.2492978266093141,31.328999999999997
21_18_0.0,323.30212372629376,0.48625466921612687,0.06581649098008731,9324.0,41949.0,1.0,,32.714875
21_18_1.0,43.440824154504966,0.959116259513667,0.10318552427869071,41958.0,645880.0,2.0,-0.47286159029754027,79.806
21_19_0.0,274.9577082854262,0.5501773542560746,0.07995046188645263,9846.0,113740.0,1.0,,52.317361111111126
21_1_0.0,149.38479392833517,0.7908621662877374,0.05064040894245934,9027.0,15822.0,1.0,,39.28218918918919
21_1_1.0,49.211710185256486,1.135604636822424,0.09385673552869633,15831.0,193720.0,2.0,-0.3447424705346862,64.76145454545454
21_20_0.0,204.2166487447181,0.615308958648214,0.07326612113657822,9063.0,44622.0,1.0,,33.208642857142856
21_21_0.0,174.9524658750306,0.71736629311943,0.09904444208187153,9306.0,23175.0,1.0,,36.903865384615386
21_21_1.0,244.24942576843577,0.8147183978382533,0.11745665681531937,23184.0,218300.0,3.0,-0.09735210471882338,52.19874626865671
21_2_0.0,435.04136685348766,0.8574486393868042,0.12145605926967014,11178.0,373660.0,1.0,,54.1355145631068
21_3_0.0,209.51535245442233,0.8799492356296643,0.07696324785265188,9027.0,13968.0,1.0,,38.617285714285714
21_3_1.0,53.19338613865037,1.1669657344640134,0.08076531830141306,13977.0,14067.0,2.0,-0.2870164988343491,48.96445454545455
21_3_2.0,140.42989494481,0.70745559711482,0.12045501958210812,14076.0,444800.0,2.0,0.45951013734919344,100.35181818181817
21_4_0.0,362.1083136502825,0.8561220313712681,0.10344246869822987,9018.0,70560.0,1.0,,46.440843137254916
21_5_0.0,179.15340268921113,0.7931746612320546,0.08922037426674644,9027.0,301210.0,1.0,,70.55951020408165
21_6_0.0,192.01877275389992,0.7290421602611449,0.07899024558732695,10161.0,24687.0,1.0,,38.61927999999999
21_6_1.0,104.40704178017685,0.9034793170055875,0.11446279430476304,24696.0,68661.0,2.0,-0.19546133884542927,59.452923076923085
21_7_0.0,201.47600620063525,0.8017183359450983,0.09623329821877874,9513.0,373670.0,1.0,,59.607754716981134
21_8_0.0,297.5966535421207,0.8002960428350229,0.08214650051568935,9045.0,29250.0,1.0,,38.16609090909093
21_8_1.0,184.40292242865777,0.2964892516498437,0.074339787673277,29277.0,521490.0,2.0,0.5038067911851787,69.54806382978724
21_9_0.0,79.711744110295,0.7829551306555097,0.12599130532729377,10296.0,10566.0,1.0,,39.15269565217392
21_9_1.0,101.98874468017306,0.9136686693042486,0.12794342794760477,10728.0,68661.0,2.0,-0.1680613835667344,57.81123076923078
22_0_0.0,252.67163879163536,0.6818651574403731,0.0990116162437065,13338.0,39699.0,1.0,,40.98167142857141
22_0_1.0,31.877438843775796,0.32032274854769416,0.06824024802512384,39708.0,52641.0,3.0,0.3589882735877198,40.935199999999995
22_1_0.0,87.79840625181222,0.5411637787049329,0.12333468775599526,9144.0,52641.0,4.0,,23.705857142857138
23_0_0.0,390.7568178256321,0.5769542655343254,0.11486249288216288,10449.0,73971.0,1.0,,36.524446601941754
23_0_1.0,89.36716154558609,0.3053086621263025,0.03914600833643519,74133.0,76356.0,3.0,0.26629383744988877,30.64159259259259
23_1_0.0,413.87247877318185,0.5367987206880839,0.13835059606461603,9054.0,75366.0,1.0,,35.54133628318584
23_1_1.0,31.914350432136143,0.2622585769724255,0.029775224885448374,75447.0,76356.0,3.0,0.26731509307749035,30.5452
23_2_0.0,230.7411397125725,0.6864592322965892,0.10352137692923065,11106.0,60021.0,1.0,,39.25442424242424
23_3_0.0,184.0951192475365,0.39450566288164834,0.12798910360163787,9225.0,76356.0,4.0,,29.112685185185196
24_0_0.0,87.80624757199838,0.6582968353632822,0.13182798943735619,10449.0,14670.0,1.0,,34.08924
24_0_1.0,46.9909590254347,0.8821273554346214,0.09591631407925454,14751.0,17793.0,2.0,-0.2238305200713393,37.047923076923084
24_0_2.0,230.41061687498868,0.568776107195265,0.13738772831175733,17910.0,40842.0,2.0,0.29328369459247783,40.70124590163934
24_0_3.0,50.78747136988734,0.9844546587311267,0.09234039748045678,40932.0,42399.0,2.0,-0.39561099788898313,55.59427272727273
24_0_4.0,276.1747950863867,0.6639616154494297,0.1136248332105979,43362.0,110740.0,2.0,0.32049304328169703,54.44782352941176
24_0_5.0,186.68894571421313,0.41149561942536284,0.06455014982442733,110900.0,140210.0,2.0,0.2524659960240667,57.61205660377358
24_0_6.0,89.83433552833823,0.8897984936408104,0.11774734391304406,140360.0,143070.0,2.0,-0.4783028742154475,56.545708333333344
24_0_7.0,274.9168580429088,0.31678842273324714,0.08337046021167163,143080.0,188360.0,3.0,0.5727754070725118,40.5189
24_1_0.0,436.84174334591665,0.703998026062547,0.15530892589924125,9144.0,110610.0,1.0,,38.480077586206896
24_2_0.0,237.95163301636435,0.6540668750356786,0.08780801805614961,9054.0,11034.0,1.0,,26.025328571428567
24_2_1.0,134.49810860223653,0.3024869431343068,0.05530130790750305,11043.0,188360.0,3.0,0.3507198593489387,31.607828571428563
25_0_0.0,259.7820619018132,0.6840299345187556,0.0737724718528081,9198.0,27522.0,1.0,,30.573048387096772
25_0_1.0,242.46731544052818,0.3505206532877207,0.08398474840353574,27711.0,57546.0,3.0,0.3319039194517252,23.046492307692308
25_1_0.0,145.897544429121,0.29541464402258616,0.11871887950152775,11790.0,57546.0,4.0,,19.469444444444445
26_0_0.0,733.7764498210674,0.49456990287395153,0.10969606705836578,9252.0,126080.0,1.0,,38.54508121827411
26_0_1.0,47.1575770462318,0.7529131927383116,0.08366259224368655,126290.0,128940.0,2.0,-0.2583432898643603,61.31978571428573
26_0_2.0,344.86437043890453,0.4922068088067145,0.06768052008892698,129100.0,207140.0,2.0,0.26070638393159723,61.33998888888888
26_0_3.0,98.1697560473596,0.24043274194890324,0.11119611673612541,208190.0,238860.0,2.0,0.25177406685781123,54.007249999999985
26_0_4.0,90.17902993315168,0.46306140562378456,0.07079378980672701,238870.0,240620.0,3.0,-0.225242475148473,53.51359090909091
26_1_0.0,521.1054170991282,0.4699484022873175,0.10005692177233229,9000.0,125820.0,1.0,,42.15595035460993
26_2_0.0,304.4410735136041,0.4853925670599735,0.055131182370580456,9153.0,207140.0,1.0,,32.73615384615386
26_3_0.0,295.2304957691439,0.4997913672956821,0.06294525890887932,9162.0,207140.0,1.0,,34.5220864197531
26_4_0.0,104.20295433191949,0.7049103294132107,0.07424898853055599,9639.0,17055.0,1.0,,29.13476923076923
26_4_1.0,169.14927204392043,0.3902900803666304,0.11116366330769302,17883.0,240620.0,3.0,0.3116671603988078,51.28940909090909
27_0_0.0,164.55961157262863,0.5687366160891234,0.06294957655857449,9207.0,17172.0,1.0,,23.98435
27_0_1.0,46.25427111897765,0.3017122026563997,0.07488506214882484,17226.0,36738.0,2.0,0.2670244134327235,23.967
27_0_10.0,82.08469601164589,0.5290332082255531,0.13626517333872154,668770.0,797040.0,2.0,-0.09570238878003512,69.36104761904761
27_0_11.0,348.4277803372866,0.23292877864030453,0.08920000040642496,797100.0,846680.0,3.0,0.29402154473563225,54.6560537634409
27_0_2.0,107.52370449208154,0.9101961025873991,0.15773974393974072,36774.0,41166.0,2.0,-0.6084838999309996,41.136
27_0_3.0,268.6037144712593,0.6111370252723876,0.0838891896736045,41373.0,67464.0,2.0,0.2990590773150119,48.17643076923076
27_0_4.0,209.54273026226966,0.8888929093270183,0.07666585759450588,67581.0,117090.0,2.0,-0.2777558840546308,74.85750980392156
27_0_5.0,137.4694435640603,0.633038677070155,0.055052901464876354,117670.0,131160.0,2.0,0.2558542322568631,75.40039393939395
27_0_6.0,119.92428409204427,0.7524045435451957,0.10225660155597563,131210.0,143500.0,2.0,-0.11936586647504066,75.41358620689655
27_0_7.0,189.57609176900365,0.6385521241028974,0.09904142249546276,144090.0,160660.0,2.0,0.11385241944229829,86.24742222222221
27_0_8.0,42.8391468951655,1.0484404259571976,0.10776088525633017,160670.0,660360.0,2.0,-0.40988830185430003,98.70672727272726
27_0_9.0,67.90442489452403,0.4333308194455181,0.1556098891763424,660680.0,668670.0,2.0,0.6151096065116795,105.61473684210527
27_10_0.0,81.16854504876578,0.877033541701043,0.1011045889889965,9378.0,117670.0,1.0,,48.13394444444444
27_11_0.0,224.3222998184655,0.5590710846806464,0.067674724591994,13734.0,102890.0,1.0,,47.52137931034483
27_12_0.0,131.84199302620593,0.4367740661343888,0.09419362629710937,9810.0,496260.0,1.0,,75.39060526315791
27_13_0.0,144.99309973101464,0.6920276540551576,0.088362030781385,9135.0,160670.0,1.0,,61.599885714285705
27_14_0.0,62.49428002460479,0.6673934945733183,0.09863871909154956,9666.0,117040.0,1.0,,30.536285714285714
27_1_0.0,389.38727189083033,0.5328325150149795,0.08480921793029958,9810.0,44712.0,1.0,,33.61621649484536
27_1_1.0,330.4252811665217,0.899294846414227,0.08144071243194452,44721.0,51606.0,2.0,-0.36646233139924766,68.13486666666665
27_1_2.0,42.68645293278771,0.601931422917691,0.08647138755804513,51615.0,412890.0,2.0,0.2973634234965361,76.07791666666667
27_1_3.0,101.60529540980416,0.9112241153130212,0.07541563333205831,412900.0,425660.0,2.0,-0.3092926923953302,120.3142142857143
27_1_4.0,313.0172662085093,0.4871120835229962,0.09000077531958792,425670.0,496950.0,2.0,0.42411203179002516,96.81321176470585
27_1_5.0,44.849919153824366,1.031871448470561,0.14785569857157135,497020.0,660360.0,2.0,-0.5447593649475646,96.54883333333332
27_2_0.0,384.34481451544053,0.538862872949315,0.07984403577888224,10278.0,44712.0,1.0,,33.82026315789474
27_3_0.0,74.52518950000248,0.37275158261679564,0.06353981129484826,9027.0,36774.0,1.0,,20.850722222222227
27_4_0.0,84.69727593751517,0.885423918655316,0.09213622843807556,15885.0,23904.0,1.0,,54.32005263157895
27_4_1.0,47.98793551965158,1.421612483462803,0.13555435740627053,24147.0,24579.0,2.0,-0.536188564807487,56.08775
27_4_2.0,181.47743816720364,0.6319140533683917,0.1356245517149182,25074.0,346200.0,2.0,0.7896984300944113,88.0718695652174
27_4_3.0,107.9431339303526,0.4647591155029299,0.0552040320433168,349810.0,412880.0,2.0,0.16715493786546187,77.52478124999999
27_5_0.0,48.570595003155034,0.8739136440174885,0.10814350782684343,9045.0,10764.0,1.0,,40.570416666666674
27_5_1.0,41.32914712789622,0.6285646776440178,0.07178168798694076,10845.0,23373.0,2.0,0.2453489663734707,40.5757
27_5_2.0,43.98257307716954,0.8978455949889331,0.08947020328994433,23382.0,24723.0,2.0,-0.2692809173449152,40.56936363636364
27_5_3.0,235.33726454504838,0.6848172427102217,0.11211594614576943,24903.0,56394.0,2.0,0.23264036817882727,50.07122413793103
27_5_4.0,73.9978273233053,1.1060675767540016,0.11392304216967299,56520.0,59454.0,2.0,-0.44086234994389584,68.29756249999998
27_5_5.0,206.68156259510062,0.5698084997936822,0.08802831201808017,59526.0,102890.0,2.0,0.5362590769603195,53.195490196078424
27_5_6.0,64.76723460761298,0.36851222827277685,0.07317391662387801,102990.0,121050.0,2.0,0.20129627152090523,52.16064705882353
27_5_7.0,42.49000441408869,0.7389655139407765,0.10654203644598916,121360.0,122730.0,2.0,-0.3704532856679996,52.18509090909092
27_6_0.0,50.38134420376933,0.9944534730225022,0.135397010834455,9288.0,24066.0,1.0,,43.28781818181818
27_6_1.0,538.462762533513,0.676969152971966,0.09703862062943315,24516.0,160670.0,2.0,0.31319016052354265,74.12400763358781
27_7_0.0,88.5498902038044,0.6660496665939369,0.09553761826250619,9252.0,23382.0,1.0,,33.674
27_8_0.0,388.02496851997176,0.7107812693134691,0.10055591639585112,9864.0,143500.0,1.0,,64.40782291666666
27_9_0.0,43.918644229985496,1.1249950586464827,0.1322967928110447,9009.0,9909.0,1.0,,36.592
27_9_1.0,213.0620161741007,0.8711282235680735,0.08569726191084764,10224.0,26901.0,2.0,0.25386683507840957,44.72883673469386
28_0_0.0,387.7291956214528,0.49843113079379564,0.10388741222317086,9054.0,83835.0,1.0,,30.585618181818173
28_0_1.0,413.76636539217753,0.19708275037827871,0.08258110358736855,84159.0,164590.0,2.0,0.3072317277245991,25.852905172413784
28_0_2.0,429.6676698872464,0.5015209780200427,0.07965381926089232,164610.0,253380.0,2.0,-0.30443822764176415,62.58223966942146
28_0_3.0,277.48448738405233,0.2914488190979372,0.07192430618708709,259680.0,302540.0,2.0,0.21007215892210573,50.996780487804855
28_0_4.0,172.51654016628055,0.44221906117347687,0.13355717568366582,302540.0,323270.0,3.0,0.2559380045299847,71.13127083333332
28_1_0.0,308.265785363155,0.4204159869372603,0.10878681274853517,9666.0,120570.0,1.0,,20.822000000000003
28_2_0.0,163.80889405144242,0.48866230873726024,0.057651107901150606,10242.0,83835.0,1.0,,25.010391304347824
28_3_0.0,143.14897864129716,0.4327626066843663,0.07063419645573242,9072.0,27747.0,1.0,,19.89654545454545
28_3_1.0,181.9020627499415,0.8592733574692213,0.10145995552235487,27756.0,39429.0,2.0,-0.42651075078485506,54.76311904761904
28_3_2.0,85.15675981837036,0.5375849766847821,0.0764604859972929,41355.0,253240.0,2.0,0.3216883807844393,60.14692000000001
28_4_0.0,77.3415531998509,0.41104147045861744,0.08247224682946565,10395.0,27738.0,1.0,,20.94611111111111
29_0_0.0,147.4887303515957,0.5737061630312377,0.08800525039786943,11817.0,29484.0,1.0,,30.31592307692308
29_0_1.0,134.4973220928505,0.7681909079646863,0.12884479001955593,29493.0,56889.0,2.0,-0.1944847449334487,46.81
29_0_2.0,432.20175942189417,0.4388287199097423,0.10348534337499112,56898.0,133550.0,2.0,0.32936218805494405,42.50902631578946
29_0_3.0,43.822055594802094,0.14188280180500878,0.08161797816220498,135010.0,139810.0,2.0,0.29694591810473353,46.47985714285714
29_0_4.0,169.15628094187267,0.5152424396447881,0.09436139163056351,139820.0,150120.0,3.0,-0.3745555978077282,56.53335714285714
29_1_0.0,181.53736487219652,0.677759595784145,0.11647637862138371,9009.0,21231.0,1.0,,29.382288461538447
29_1_1.0,229.13904180713772,0.3599017106066669,0.07847580923455827,23976.0,135050.0,2.0,0.3178578851774782,37.058390625
30_0_0.0,327.1477630172158,0.6832160444912451,0.10922169565211871,9081.0,48150.0,1.0,,37.77275280898876
30_0_1.0,37.11783209365033,0.4421334499360313,0.038488943555702926,48960.0,51912.0,3.0,0.23916650223809888,41.86272727272727
30_1_0.0,216.52207450503022,0.6966348727016228,0.09624001005076831,9639.0,48150.0,1.0,,36.35884745762712
30_1_1.0,37.11783209365033,0.4421334499360313,0.038488943555702926,48960.0,51912.0,3.0,0.251403637153079,41.86272727272727
31_0_0.0,56.700854351573206,0.6852123314316959,0.07593454940037205,11187.0,14346.0,1.0,,40.538000000000004
31_0_1.0,42.49327611962296,1.088438316204445,0.10249994546021739,14355.0,15921.0,2.0,-0.4032259847727493,40.52725
31_0_2.0,337.80906542975913,0.6688444023918293,0.10833139632116721,18612.0,52461.0,2.0,0.41467807102883936,47.79381818181819
31_0_3.0,178.75584589570587,0.8356239207528641,0.09343490343458308,52470.0,84213.0,2.0,-0.16186367557725834,67.45938775510203
31_0_4.0,358.3762958053161,0.5961781200445337,0.10998685156953959,104780.0,133310.0,3.0,0.24283812964686868,68.5362178217822
31_1_0.0,107.51896890748746,0.5740501887499929,0.08808886895964028,10062.0,16533.0,1.0,,25.913258064516132
31_1_1.0,150.90066051062146,0.8288073399063282,0.10640782455677804,16614.0,84213.0,2.0,-0.254757151156335,55.95471794871797
31_2_0.0,201.0632326588266,0.7530552957801746,0.0912970556912353,11511.0,105030.0,1.0,,42.64098039215687
32_0_0.0,379.4414050422679,0.7193694463076137,0.13015311105725647,9099.0,307660.0,1.0,,37.27585185185183
32_0_1.0,444.89393843758046,0.502053592840603,0.13177482244236435,308090.0,651220.0,2.0,0.21931757242253863,100.20485840707963
32_0_2.0,66.52013294382138,0.8268430895550104,0.09245669653395426,651230.0,655030.0,2.0,-0.3350958955662254,124.42470588235295
32_0_3.0,125.99623165956311,0.47341712991724316,0.06940884799622975,655040.0,719780.0,2.0,0.35342595963776724,124.4090909090909
32_0_4.0,290.12858996431095,0.5516169824800661,0.09711324737566925,719800.0,1020900.0,2.0,-0.07819985256282302,124.4177777777778
32_0_5.0,40.93333108251924,0.3648595381020598,0.07579995854705346,1027500.0,1030700.0,2.0,0.1867574443780064,148.54909090909092
32_0_6.0,258.0090065346253,0.7008562076082012,0.11514580536214795,1031100.0,1071500.0,2.0,-0.3359966695061413,177.40723076923075
32_0_7.0,61.36276819936488,0.2930901509468435,0.094767884891155,1071500.0,1102900.0,2.0,0.40776605666135757,115.12058823529412
32_0_8.0,192.89882471100162,0.4202788671163953,0.10432683259493175,1102900.0,1126300.0,3.0,-0.12968392873483936,106.77705882352943
32_10_0.0,147.3889858534417,0.4741984346045013,0.06129867903690233,9594.0,719780.0,1.0,,106.5842894736842
32_11_0.0,413.9900195690093,0.6159666575675808,0.12651421957967593,9819.0,1016600.0,1.0,,101.76879245283021
32_12_0.0,291.5248369520535,0.6312151259235674,0.11568721206230353,9108.0,1016600.0,1.0,,100.47645454545452
32_13_0.0,306.2331484461567,0.5024176204591838,0.09231800708212258,12609.0,1031100.0,1.0,,127.77346753246754
32_14_0.0,97.1365228347753,0.6734625469060477,0.1401500002609949,11196.0,1016000.0,1.0,,71.5575
32_15_0.0,255.231738075283,0.7390792351492695,0.10226327591291808,9000.0,1071500.0,1.0,,92.3392857142857
32_16_0.0,89.76092357591742,0.3223784310708277,0.10343936683484518,9432.0,1102900.0,1.0,,69.40164
32_17_0.0,225.86584664845796,0.4235807503831281,0.10272375662880365,9126.0,1126300.0,4.0,,101.21096610169494
32_1_0.0,349.890596644025,0.5673357819175089,0.0625296814327381,9810.0,68796.0,1.0,,35.761845360824736
32_1_1.0,886.1068753689738,0.6680123484601008,0.11235131188708608,68805.0,1016000.0,2.0,-0.10067656654259216,82.11789024390245
32_2_0.0,323.5077224643126,0.5529332440071982,0.06734749234617725,9207.0,68796.0,1.0,,34.03630588235292
32_3_0.0,214.7960379694801,0.5543035106852277,0.07290282839897186,9999.0,68796.0,1.0,,38.39043859649122
32_4_0.0,140.9581726226513,0.5593332309946079,0.08936446740870135,13032.0,20070.0,1.0,,27.12790476190476
32_4_1.0,140.8008108436684,0.9759743276114369,0.1315943328498095,20079.0,40113.0,2.0,-0.4166410966168286,46.47712500000001
32_4_2.0,672.2111772616043,0.6179482649500783,0.09494415761250279,40428.0,1016600.0,2.0,0.3624246275149149,84.35611956521738
32_5_0.0,340.92460000580445,0.6393959504792796,0.09311215985739608,9054.0,649070.0,1.0,,53.134182795698926
32_6_0.0,258.01326077596104,0.6446440051459241,0.06878278692708675,9180.0,649070.0,1.0,,100.56189062499999
32_7_0.0,781.5470694153507,0.6285804742142324,0.09414798275752871,10008.0,1016600.0,1.0,,78.5796
32_8_0.0,209.82899513335798,0.884994207766575,0.0719315543662555,9738.0,21600.0,1.0,,43.69352830188679
32_8_1.0,136.147034141903,0.4827168827686616,0.07233501098528951,33453.0,719780.0,2.0,0.4022773249979133,112.87748571428571
32_9_0.0,491.9319351851126,0.7106854586250317,0.09788347644677207,9036.0,994350.0,1.0,,76.98708396946563
33_0_0.0,747.2202331294427,0.39221828427119754,0.09052620985643212,9018.0,139820.0,1.0,,33.717848484848474
33_0_1.0,115.56746540550844,0.6664141443497915,0.07357271571820281,140150.0,159780.0,2.0,-0.279097222881731,62.9397
33_0_2.0,106.1214116190982,0.4210436204033208,0.0875337334328729,159800.0,168360.0,3.0,0.24092733707340913,63.05735714285714
33_1_0.0,96.38427933703422,0.5760241620721942,0.05761096963678839,9396.0,17712.0,1.0,,24.614068965517244
33_2_0.0,158.2532248466344,0.5478882987046839,0.08266593537895275,9108.0,110520.0,1.0,,27.37166666666666
33_3_0.0,84.74689899029529,0.6958075823209023,0.07635569985643291,9837.0,159710.0,1.0,,31.24195833333333
38_0_0.0,530.7250348761576,0.7359857924057323,0.08172586401584604,9441.0,28098.0,1.0,,40.11977777777778
38_0_1.0,74.73746647937276,0.40726198975156874,0.08206315520051745,30573.0,49113.0,3.0,0.32584343215939954,40.12605263157894
39_0_0.0,444.8613523578505,0.5445639453897257,0.10146611012775374,9135.0,61605.0,1.0,,35.651821138211375
39_0_1.0,45.65895275006306,0.18551019514915396,0.07582830759181151,62154.0,67068.0,3.0,0.34800341224015496,40.31913333333334
39_1_0.0,346.90929892179753,0.5267620048553319,0.1077543509461731,9108.0,62154.0,1.0,,35.753767676767666
40_0_0.0,589.9570848142454,0.8080086999961625,0.10848876722447955,9585.0,90414.0,1.0,,61.257553459119514
40_0_1.0,355.74812766327807,0.5209213925441606,0.0646341236099443,92214.0,101530.0,3.0,0.27923611148973015,50.39596226415096
40_1_0.0,556.9563611183198,0.8104773894889566,0.11046235706532419,9414.0,90414.0,1.0,,62.6331721854305
40_2_0.0,173.05809245357477,0.7126703835533271,0.07902983896957763,9360.0,71910.0,1.0,,41.931790697674415
40_3_0.0,60.979967626108184,0.6336257271193851,0.08187778630008134,10377.0,71901.0,1.0,,51.749
40_4_0.0,179.83678465964374,0.827989493546439,0.112630470481926,9045.0,87966.0,1.0,,75.59615384615385
42_0_0.0,343.22280547235744,0.5781500286773877,0.06152547701910429,9000.0,85428.0,4.0,,27.87554166666668
42_1_0.0,301.78729275076466,0.6084831183887685,0.10477423249365024,12996.0,85428.0,4.0,,36.7847875
42_2_0.0,284.8985294846565,0.5667565644744288,0.05779386155925805,11322.0,85428.0,4.0,,34.77948148148148
42_3_0.0,218.110192723789,0.5509147528731504,0.05717231595476005,9927.0,85428.0,4.0,,35.93307936507937
42_4_0.0,70.78978712015201,0.5588794109989706,0.09050023347355626,9207.0,85428.0,4.0,,33.456105263157895
43_0_0.0,559.956561297305,0.7914289438076583,0.11879992090572337,9198.0,129950.0,1.0,,76.6465743243243
43_0_1.0,404.2768299808649,0.5461716935095001,0.07662667332474989,129960.0,165300.0,3.0,0.2552733460157256,63.61662393162393
43_1_0.0,78.44933540649023,0.6942122179043712,0.09794981053466353,9252.0,116870.0,1.0,,79.00914285714286
43_2_0.0,539.0351431248828,0.5966168880709221,0.12163044620493739,9720.0,165300.0,4.0,-0.2617072523440691,55.918039215686235
44_0_0.0,311.3553298012374,0.49904682539761347,0.09785380350865333,14112.0,61146.0,1.0,,34.09211363636363
44_0_1.0,106.27612162953336,0.2527462371978065,0.04204801596578155,61533.0,67977.0,3.0,0.2454958543820565,24.791387096774194
44_1_0.0,343.8523762235293,0.3918362924622491,0.11662267846706573,10836.0,67977.0,4.0,,31.168329896907224
6_0_0.0,773.9661946243688,0.626599738830553,0.10862938166633716,9603.0,199550.0,1.0,,51.298582568807355
6_0_1.0,241.21714950722992,0.510919250943167,0.1026179493586635,199790.0,510160.0,2.0,0.12697972142844394,64.49996774193546
6_0_2.0,3838.884714673843,0.1198333977134621,0.060065093453843255,510260.0,3596400.0,3.0,0.38361575826612665,39.8359806094183
6_10_0.0,533.9919659413796,0.3821075657719918,0.10009208123160052,13167.0,343040.0,1.0,,40.770924137931026
6_11_0.0,455.24842533808834,0.42271937781144475,0.07481634284856382,9009.0,339320.0,1.0,,25.439038461538452
6_12_0.0,110.27519201829752,0.4511820713549121,0.07111768571847392,10017.0,107650.0,1.0,,21.733499999999996
6_13_0.0,566.2801067360334,0.21127833596037057,0.07519453424388617,10440.0,368660.0,1.0,,26.5548289473684
6_14_0.0,53.92875309384167,0.6905984351139216,0.07513614225858056,9702.0,12042.0,1.0,,28.240533333333335
6_14_1.0,3806.124188633478,0.12076817576194165,0.06214753976340196,12051.0,3596400.0,3.0,0.5698761531682276,39.95960298229265
6_15_0.0,298.13252257714646,0.5505859796000341,0.10701639394144584,9198.0,67734.0,1.0,,28.762349397590356
6_15_1.0,226.52236081571843,0.19127013249677008,0.06320238453919776,67752.0,103610.0,2.0,0.35931584710326403,17.915354838709682
6_15_2.0,325.20498845806475,0.32547279325726247,0.1346770349673603,103660.0,1434900.0,2.0,-0.1342026607604924,39.181034090909094
6_16_0.0,292.78195432078644,0.4957245324984705,0.09303580249950837,11367.0,70353.0,1.0,,28.041625000000007
6_17_0.0,231.4909072463958,0.18646528416510086,0.059236378813750615,9000.0,103610.0,1.0,,17.540515625
6_18_0.0,255.04751449569574,0.6696545544392556,0.11140859050295668,12294.0,50094.0,1.0,,39.88828787878789
6_18_1.0,303.4047212842081,0.28397190161117847,0.09336549920733546,51012.0,1435200.0,2.0,0.3856826528280772,40.42559523809524
6_19_0.0,96.88167780072132,0.6898712606499705,0.06410035813483694,9972.0,14922.0,1.0,,35.87903571428571
6_19_1.0,46.07771007854357,0.8829221954504054,0.09797130426447895,14931.0,37206.0,2.0,-0.1930509348004349,39.56675
6_1_0.0,764.9697139016982,0.6273719823724847,0.1127157168160485,9000.0,199550.0,1.0,,51.01101851851854
6_20_0.0,271.7812903336703,0.6190303405989719,0.07365700573379311,14832.0,210080.0,1.0,,36.118383561643846
6_21_0.0,32.67629520606012,0.6331688847047536,0.07079533113554767,14319.0,16920.0,1.0,,37.5156
6_21_1.0,37.44672401384965,0.9600548007346372,0.11403039473896366,16929.0,19332.0,2.0,-0.3268859160298836,37.4784
6_21_2.0,3284.9537820961236,0.11897418628563257,0.06221058752512496,20412.0,3596400.0,3.0,0.8411317954502694,41.397134843581476
6_22_0.0,107.37396697895412,0.6585709646942581,0.06558950200684682,9162.0,1165000.0,1.0,,30.204758620689645
6_23_0.0,279.9750154314436,0.288771746045491,0.11325960418585189,9360.0,1435200.0,1.0,,37.72078947368422
6_24_0.0,3140.6537324758533,0.12094243598609304,0.0675254940346096,9414.0,3596400.0,4.0,,41.48695028248585
6_25_0.0,362.06487710700503,0.6012356525434035,0.06847926839023694,9342.0,33921.0,1.0,,34.66360000000001
6_25_1.0,2636.393121280996,0.11647728250238172,0.056242822881900315,33930.0,3596400.0,3.0,0.4848190975246792,42.52176486486481
6_26_0.0,63.751237400275734,0.7561855050109644,0.0909497013890131,9432.0,14931.0,1.0,,27.573999999999995
6_26_1.0,81.53527446970386,0.48721558169121615,0.08455190887186739,14940.0,25209.0,2.0,0.268969923319748,27.592238095238095
6_27_0.0,354.5451349722697,0.7132032934502273,0.052665959767133994,10125.0,57312.0,1.0,,37.67439534883722
6_27_1.0,2591.3034741779425,0.11785136238516317,0.05677148441901941,57321.0,3596400.0,3.0,0.5954155430613235,42.63994368131862
6_28_0.0,255.94713073959247,0.7437783982059758,0.08450706819834336,9369.0,57303.0,1.0,,36.302796875000006
6_29_0.0,94.68853408439168,0.7409618965505552,0.056729371559594594,9036.0,12177.0,1.0,,31.02991304347825
6_29_1.0,2690.1822101490675,0.1278785521586544,0.07086652847289922,12186.0,3596400.0,3.0,0.6154171216333657,42.443136546184675
6_2_0.0,954.7334679155854,0.5643421257927673,0.09912489471275039,9603.0,238360.0,1.0,,51.75873046875001
6_30_0.0,188.33842805269887,0.727889730921278,0.08591548338399047,12276.0,28863.0,1.0,,37.874604166666664
6_31_0.0,134.4499198868331,0.5516457682020429,0.1025643552349117,9288.0,12195.0,1.0,,22.7702
6_32_0.0,79.22401228396075,0.3615550240843527,0.09320661703577938,9099.0,1535000.0,1.0,,21.59152173913043
6_33_0.0,351.54778850219196,0.7665616717385672,0.07635294486618548,9450.0,23850.0,1.0,,35.569951807228925
6_33_1.0,2349.9237070039967,0.1193268790638427,0.0635602310379598,23859.0,3596400.0,3.0,0.6473072906473786,43.204089529590256
6_34_0.0,167.5726349736626,0.7207200503141522,0.05736705720145573,9819.0,20331.0,1.0,,34.89527906976743
6_34_1.0,89.00287859776225,0.3123404178578197,0.11759719337690086,20790.0,2094600.0,2.0,0.4083796324563324,36.626538461538466
6_35_0.0,296.9982632765426,0.6960014309971708,0.060481326033188385,9207.0,43146.0,1.0,,42.38484210526315
6_36_0.0,223.67193791177243,0.6910183817826663,0.0529329403794179,9054.0,43146.0,1.0,,44.81784210526317
6_37_0.0,170.59184276807375,0.33433094937075675,0.07208031896002401,9144.0,25551.0,1.0,,16.779600000000006
6_37_1.0,187.4391429853259,0.5469597400848494,0.08004177823808999,25614.0,55323.0,2.0,-0.21262879071409263,39.52079591836734
6_37_2.0,98.87162814015053,1.1304717523663763,0.15504485245615127,55413.0,56052.0,2.0,-0.5641005591127465,86.81733333333332
6_37_3.0,36.8369203336757,0.6060134459910118,0.17711343170719818,56061.0,2360800.0,2.0,0.505046853206584,69.74269999999999
6_38_0.0,110.37573112806461,0.8040583397215857,0.09449195849412469,10818.0,14184.0,1.0,,37.27215384615384
6_39_0.0,295.28442876873663,0.5589432544014761,0.07583266289022571,10152.0,55323.0,1.0,,34.20435135135135
6_3_0.0,863.0767769688863,0.557449361856518,0.10403939349962626,9099.0,510160.0,1.0,,53.973519650655035
6_40_0.0,192.4256268388136,0.8162382854533957,0.10126386436733245,9000.0,21627.0,1.0,,38.757039215686284
6_40_1.0,62.699865191699146,1.0466619564359665,0.06013042001044946,21636.0,64323.0,2.0,-0.23042367098257088,59.926249999999996
6_40_2.0,2096.69153339306,0.11944132412832452,0.07105314164511392,64854.0,3596400.0,3.0,0.9273019257093645,44.06816808149403
6_41_0.0,233.57916694586567,0.8568120922601298,0.09489514054800577,11655.0,65565.0,1.0,,52.63107272727273
6_42_0.0,221.44450212759196,0.8274474264637939,0.10620760793957373,9837.0,65565.0,1.0,,50.82684615384614
6_43_0.0,506.7693209024528,0.7450258987079511,0.06473219312011633,9000.0,107590.0,1.0,,58.869157142857134
6_44_0.0,425.32645623670436,0.677066080901034,0.07280464169405551,10152.0,117330.0,1.0,,43.144252336448595
6_45_0.0,613.7098528022966,0.6052869613572373,0.08290281220620489,9729.0,170770.0,1.0,,44.59564285714288
6_45_1.0,1592.5462961769485,0.10697282004479086,0.03875382125906788,170780.0,3596400.0,3.0,0.4950128126648365,44.27686754966888
6_46_0.0,403.60247506401964,0.7657186176526861,0.10467173132952397,11277.0,91917.0,1.0,,50.31683636363639
6_46_1.0,214.84698275732615,0.5441288526533403,0.0610593288709756,92394.0,170780.0,2.0,0.2215897649993459,58.20574999999999
6_47_0.0,35.48268729534035,0.8383775274421476,0.16922758057615042,9486.0,10386.0,1.0,,32.6237
6_48_0.0,316.2210283779084,0.8061195886755909,0.08117960646263471,10728.0,91854.0,1.0,,54.02493406593407
6_49_0.0,285.9468879207285,0.8007033864019548,0.07871796263610549,9198.0,91854.0,1.0,,54.464506172839506
6_4_0.0,331.9421316326644,0.6311808758910632,0.07774035706745783,10782.0,94581.0,1.0,,36.91073118279569
6_4_1.0,681.5190937767367,0.29279064342055305,0.12547384405820186,95139.0,368790.0,2.0,0.33839023247050987,35.750221621621655
6_4_2.0,99.53902296287036,0.9619273276587312,0.13471942577752305,368900.0,369080.0,2.0,-0.6691366842381783,119.74138095238095
6_4_3.0,3427.0267178550353,0.1212776601813645,0.06546367735370909,369880.0,3596400.0,3.0,0.8407010600914737,41.814777892562
6_50_0.0,258.67200098590536,0.7858797823616849,0.07872513757228998,9864.0,107580.0,1.0,,50.79253424657535
6_51_0.0,236.789025609323,0.7676371868384942,0.08973301336715989,10719.0,91917.0,1.0,,54.68888888888887
6_52_0.0,116.50586766385605,0.39145554103278174,0.05958058360449572,10440.0,32778.0,1.0,,23.353133333333336
6_52_1.0,47.11650685634625,0.7388564425331726,0.08312464001186876,34758.0,35100.0,2.0,-0.3474009015003909,35.735454545454544
6_52_2.0,1850.6193921288188,0.1083113415954995,0.04765319609441474,35361.0,3596400.0,3.0,0.6306155275619246,44.0337375478927
6_53_0.0,78.5958478333543,0.30882988469800354,0.07510083057518074,9720.0,32778.0,1.0,,18.50034782608696
6_54_0.0,394.0483374269553,0.5803697646662564,0.06829274628083729,9315.0,170770.0,1.0,,52.8762371134021
6_55_0.0,101.27698859831096,0.6788610956303817,0.07531265132937771,9018.0,2652200.0,1.0,,58.26141379310344
6_56_0.0,1737.2489321361975,0.10571246376562042,0.03882649502615673,9009.0,3596400.0,4.0,,43.8990116564417
6_57_0.0,48.84891787981655,0.6067562382096989,0.10581937837497819,12564.0,14004.0,1.0,,28.70290909090909
6_58_0.0,262.9287977151198,0.5104274784845609,0.06694104917921281,9495.0,2941300.0,1.0,,29.48743835616438
6_59_0.0,356.2147132243879,0.583057395162714,0.09091913854333777,9918.0,75735.0,1.0,,35.92572043010751
6_59_1.0,147.76234114899853,0.39420699707604545,0.07760515551118426,78597.0,88677.0,2.0,0.1888503980866687,38.24169047619047
6_59_2.0,92.70540018184593,0.6801439953188586,0.0762869183693904,88974.0,91665.0,2.0,-0.28593699824281327,45.01660869565217
6_59_3.0,1106.0926457079065,0.11293047167724073,0.05484827576257476,91782.0,3596400.0,3.0,0.5673438766433954,44.6721293375394
6_5_0.0,238.67323530475667,0.5943174022779629,0.07953968865237895,11529.0,95139.0,1.0,,36.82559701492538
6_60_0.0,273.3812492052456,0.7271270893021003,0.09896106348913555,11538.0,39474.0,1.0,,38.68195384615385
6_60_1.0,53.93641094263655,0.431927899777473,0.0882011016377629,39726.0,3037100.0,2.0,0.29519918952462776,38.88281249999999
6_61_0.0,253.19108464092432,0.5982858890012734,0.10267459210587597,9504.0,75735.0,1.0,,31.71098591549297
6_62_0.0,235.95311138594826,0.6640259010890993,0.11149367507612716,12546.0,40212.0,1.0,,38.114229508196715
6_63_0.0,1543.0073365513144,0.10584350262161571,0.03624138885224983,10152.0,3596400.0,4.0,,43.74524772727271
6_64_0.0,93.60167568520941,0.6949496579538836,0.08836068933929069,9990.0,19998.0,1.0,,46.67991304347826
6_64_1.0,54.158660512262934,1.287879474433139,0.18371764762319678,20007.0,20772.0,2.0,-0.5929298164792556,46.79175
6_64_2.0,1403.5115906401295,0.11265203116038544,0.06980392862713097,21132.0,3596400.0,3.0,1.1753301211132734,44.197977499999986
6_65_0.0,90.5162465728069,0.7120318066177441,0.0618692943893273,10368.0,13185.0,1.0,,28.8725925925926
6_65_1.0,1441.1587068827373,0.1070778636238138,0.04269460372169341,13194.0,3596400.0,3.0,0.6050405601387281,43.99375853658535
6_66_0.0,112.33225220431792,0.7898547091144918,0.12702520359369707,9090.0,17955.0,1.0,,37.9809642857143
6_66_1.0,1248.2742316476974,0.10660470842521194,0.04716475308273875,18252.0,3596400.0,3.0,0.6833486706086991,44.417428169014066
6_67_0.0,271.17261308620084,0.7672254679287714,0.1141902784523467,9018.0,43002.0,1.0,,37.58621333333335
6_67_1.0,1102.891452468695,0.11269562765328248,0.058977247093879234,43119.0,3596400.0,3.0,0.6654843803476433,44.51980817610059
6_68_0.0,62.92003260417552,0.6631219103422719,0.07738215673731805,10674.0,12555.0,1.0,,25.433875
6_68_1.0,1224.19432211345,0.10666709553581508,0.04431410676961144,12564.0,3596400.0,3.0,0.5565553544590963,44.242822349570176
6_69_0.0,259.2664167161134,0.6173873067084449,0.09221532149522411,9063.0,38943.0,1.0,,28.96203076923078
6_69_1.0,1004.0470433382487,0.11859723862608867,0.06076957098394839,39330.0,3596400.0,3.0,0.49895254746688744,43.67561245674738
6_6_0.0,865.7967881316584,0.2822081217414404,0.12139293446863716,9585.0,368790.0,1.0,,26.808021551724146
6_70_0.0,105.82967289117745,0.6832928989747269,0.06568664307640881,9009.0,16668.0,1.0,,26.86096296296296
6_70_1.0,851.64295764529,0.11208931544783632,0.04931158530293107,16677.0,3596400.0,3.0,0.5713666803073559,44.073064516129044
6_71_0.0,86.63495568246888,0.5049124246805111,0.08100233074962067,9378.0,15804.0,1.0,,22.855624999999993
6_71_1.0,747.1597698962202,0.10287574047832829,0.03941191674064453,15813.0,3596400.0,3.0,0.40217940021748444,37.57599908675798
6_72_0.0,716.5649835729895,0.10451988569235961,0.03902303586585345,9117.0,3596400.0,4.0,,38.49554999999999
6_73_0.0,50.85317739772589,0.3826591223368947,0.11266544133985144,9018.0,10791.0,1.0,,12.08642857142857
6_74_0.0,53.561948454409276,0.6239162705465453,0.10969067392151026,10062.0,12258.0,1.0,,22.320800000000002
6_74_1.0,588.9285273333559,0.10520133027624162,0.05080861111527255,12267.0,3596400.0,3.0,0.5189098715602706,42.861377906976735
6_75_0.0,53.53373008790294,0.6236836433555714,0.07511223207099253,9036.0,14463.0,1.0,,22.963714285714282
6_75_1.0,528.9705133540616,0.10534975511469047,0.052210674647054575,14472.0,3596400.0,3.0,0.5185524142925113,42.39049350649349
6_76_0.0,69.16380016061711,0.41080248476899117,0.08262272513262388,9153.0,11709.0,1.0,,16.362650000000006
6_77_0.0,251.9573724755033,0.08722244325569051,0.03522059999293982,10107.0,3596400.0,4.0,,24.27591710526315
6_7_0.0,143.4347618116787,0.6617522813266188,0.11362684321870667,10224.0,94572.0,1.0,,39.314780487804875
6_8_0.0,775.8523864836508,0.2471669771617667,0.0905125822123467,9819.0,368660.0,1.0,,26.00519801980199
6_9_0.0,747.9710026297365,0.24540290291550504,0.09159863315127197,9711.0,368660.0,1.0,,26.241535714285718
8_0_0.0,461.68890124168536,0.5943910456241889,0.13647712217622465,10404.0,91422.0,1.0,,41.806679999999986
8_0_1.0,275.3053911830943,0.23969289239299338,0.04459612145804354,91431.0,877860.0,3.0,0.3304381169834253,58.105298701298715
8_1_0.0,128.82398009208632,0.7685621257337771,0.1098567444937549,9045.0,14445.0,1.0,,31.877714285714287
8_1_1.0,558.3595687930308,0.24012388954666408,0.061795549145392474,14454.0,877860.0,3.0,0.5285321801442182,49.889361290322576
8_2_0.0,144.95742753179223,0.7716018461002115,0.10378192566415549,9144.0,17505.0,1.0,,34.405025641025645
8_2_1.0,170.02801793301427,0.4836494348936539,0.09081633417756999,17514.0,785760.0,2.0,0.28795241120655757,45.04272549019606
8_3_0.0,349.211208668015,0.6786274081014924,0.12267125156192508,9792.0,877860.0,4.0,0.2631224432992989,40.681885416666645
8_4_0.0,281.50661786739846,0.6523335958421935,0.11708550009950242,13239.0,877860.0,4.0,,40.84638749999998
9_0_0.0,4845.238963994039,0.18629324366437683,0.08903854424739234,9252.0,4426100.0,1.0,,62.03885029498522
9_0_1.0,634.4818759308009,0.16596994996355893,0.077017694808084,4426100.0,4803000.0,2.0,0.020492332133229457,72.99277348066296
9_0_2.0,454.9801732606811,0.1876438995108709,0.0886559614921675,4803000.0,4949300.0,2.0,-0.02167394954731186,92.57311382113822
9_0_3.0,71.86796846816898,0.6740182075418092,0.14264751007302692,4949900.0,4952500.0,3.0,-0.4957841089418523,290.896
9_100_0.0,186.60506082048332,0.848147151479421,0.1112430430905421,9963.0,32814.0,1.0,,39.770738095238094
9_100_1.0,263.55803083853,0.16206676760987965,0.0795987608619856,32832.0,4803000.0,2.0,0.6860803838695413,66.53750666666669
9_101_0.0,166.3940110508022,0.7940868125895887,0.07588454942330455,9801.0,119190.0,1.0,,60.9397659574468
9_102_0.0,57.361916316618164,0.8706452850856877,0.09067667510939234,9747.0,12186.0,1.0,,42.43446666666667
9_102_1.0,46.722611197784566,1.2013734592841383,0.08007793324013728,12195.0,13293.0,2.0,-0.33072817419845046,42.44608333333334
9_102_2.0,31.454587967863127,0.4560539047731589,0.2993225843980703,13536.0,4751600.0,2.0,0.7453195545109792,47.3669
9_103_0.0,279.0405072569684,0.6325714296653234,0.08951211022458672,9144.0,50337.0,1.0,,36.38541891891891
9_104_0.0,89.00413481453135,0.19227420066612202,0.06768710721789573,10782.0,4803000.0,1.0,,58.724875
9_105_0.0,441.9940749233141,0.1698694012013739,0.05684699250083519,11268.0,4949300.0,1.0,,91.39144166666667
9_10_0.0,4291.74898113231,0.18059566967812918,0.08392148094495352,11142.0,4426100.0,1.0,,60.20738474434197
9_11_0.0,4275.309893558144,0.18358983749938732,0.09535010823681452,9423.0,4426100.0,1.0,,60.13119714765099
9_12_0.0,122.21683607142887,0.4610619257248822,0.07269910279750688,10665.0,27585.0,1.0,,27.7018888888889
9_12_1.0,42.971573757559476,0.7403841902184589,0.1033388156973191,27594.0,207480.0,2.0,-0.2793222644935767,40.779500000000006
9_13_0.0,220.18162271232876,0.47710207075784,0.07330592889227,9063.0,35082.0,1.0,,25.217562500000003
9_13_1.0,49.00750591931795,0.808328573786145,0.09026390273541647,35091.0,37818.0,2.0,-0.3312265030283047,49.61578571428572
9_13_2.0,3964.358515950804,0.16574818497997745,0.06455219104040705,37827.0,4426100.0,2.0,0.6425803888061675,61.38108730873084
9_14_0.0,81.06635408521718,0.42722221381555786,0.14786482251267138,9342.0,1516900.0,1.0,,55.64547826086957
9_15_0.0,4168.892368426876,0.17437449279189696,0.07495497433813535,12249.0,4426100.0,1.0,,60.768435567010265
9_16_0.0,35.485342079088994,0.5685390826076496,0.1675722745862007,9738.0,1533500.0,1.0,,37.48909999999999
9_17_0.0,4062.8301578669516,0.16940380743133512,0.06861088560789899,12537.0,4426100.0,1.0,,60.91181970096742
9_18_0.0,4034.7596327855135,0.16753287308732134,0.06445923828710479,14571.0,4426100.0,1.0,,61.11129354553488
9_19_0.0,226.6569570405577,0.8267802308721488,0.08875951041092191,9639.0,44991.0,1.0,,48.87934426229509
9_19_1.0,3526.149125540491,0.15419260285069586,0.05470199216637385,45000.0,4426100.0,2.0,0.672587628021453,61.54293636363642
9_1_0.0,806.9846563857279,0.41128663623612294,0.12093418766985899,9486.0,1965100.0,1.0,,40.13220909090909
9_20_0.0,298.20719716464896,0.6044762150928588,0.10646383292249319,9027.0,59427.0,1.0,,39.784554054054055
9_20_1.0,224.02379606701382,0.7648064611398643,0.1149194705802349,59436.0,103910.0,2.0,-0.16033024604700585,64.2117222222222
9_20_2.0,3201.8004307479623,0.15112725414633618,0.05423972711258946,103920.0,4426100.0,2.0,0.6136792069935286,61.311937915742895
9_21_0.0,35.970820265000526,0.9750219926474986,0.10424089518418435,10980.0,11115.0,1.0,,45.777
9_22_0.0,67.4894128172077,0.7212122685807072,0.0850914011674168,10116.0,11898.0,1.0,,41.63461111111111
9_22_1.0,69.53131228727877,1.1330643170061758,0.1141456564503936,11907.0,12465.0,2.0,-0.4118520484254683,41.6472
9_22_2.0,35.0923417541596,0.3874424761382339,0.22530327606317604,12717.0,2101800.0,2.0,0.7456218408679417,57.65880000000001
9_23_0.0,311.34873071088913,0.7683634504019261,0.10030740801662226,9234.0,103910.0,1.0,,56.407012987012976
9_24_0.0,100.80620891711725,0.7116652916728208,0.09611378142489338,13374.0,59463.0,1.0,,54.57108000000001
9_25_0.0,145.71334542138337,0.9995911234981415,0.12694982828850987,9009.0,15732.0,1.0,,39.31441463414633
9_25_1.0,43.203462975356906,0.6726143140545056,0.08770512403674603,15795.0,16470.0,2.0,0.3269768094436356,39.33346153846154
9_25_2.0,3284.172223583785,0.15185817378134334,0.0525900048377036,16479.0,4426100.0,2.0,0.5207561402731624,61.30816793066097
9_26_0.0,191.82100160470074,0.8404084527731017,0.0720192717045442,9144.0,29448.0,1.0,,44.551458333333336
9_26_1.0,3259.3734238965235,0.15277786507354815,0.05735832939390499,29457.0,4426100.0,2.0,0.6876305876995537,61.231010917030666
9_27_0.0,124.04870840503816,0.6973929697280308,0.0922538644467372,9135.0,31077.0,1.0,,27.863551724137928
9_27_1.0,265.58582378391253,0.38278519174195735,0.09155778351029346,31266.0,89550.0,2.0,0.31460777798607326,34.27152564102563
9_27_2.0,44.76484965680354,0.630836468708835,0.09079649127937012,89631.0,91359.0,2.0,-0.24805127696687762,44.22966666666667
9_27_3.0,2941.6052010035582,0.14869261511080265,0.055481420646445394,91647.0,4426100.0,2.0,0.48214385359803247,60.78919300361886
9_28_0.0,221.38285922052955,0.4516095786747295,0.10998391863936563,9180.0,68652.0,1.0,,26.145555555555557
9_29_0.0,361.0355983679565,0.3914100566981207,0.07998392405758104,10971.0,89550.0,1.0,,27.850228571428563
9_2_0.0,331.8919997440059,0.5729834299434008,0.08103879065047581,10170.0,1445600.0,1.0,,47.37813541666665
9_30_0.0,117.2069992124453,0.7347573430611241,0.0877346138546851,10242.0,103920.0,1.0,,35.52713793103448
9_31_0.0,285.52625454991517,0.4886236147622334,0.060663208963671285,9000.0,10629.0,1.0,,19.603927536231883
9_31_1.0,3012.5098751756177,0.14700453397222318,0.050693662414678424,10638.0,4426100.0,2.0,0.34161908079001,60.98076560659605
9_32_0.0,395.5742304912525,0.3883468134989019,0.10855311240814682,11187.0,2457900.0,1.0,,29.743485436893202
9_33_0.0,363.63453761538653,0.3869407941068306,0.07889932675261571,15570.0,145380.0,1.0,,28.192441176470574
9_34_0.0,110.96647404868261,0.6839777663569641,0.11176649101375515,9027.0,19710.0,1.0,,27.948111111111114
9_34_1.0,73.18879562906453,0.3698621065604225,0.0735416436872787,20169.0,24444.0,2.0,0.31411565979654155,33.1918
9_34_2.0,46.80880788810293,0.9833464242993634,0.15634601832115383,24453.0,25974.0,2.0,-0.6134843177389409,42.336846153846146
9_34_3.0,2956.8507945683314,0.1487709648296499,0.059652514992871115,26145.0,4426100.0,2.0,0.8345754594697136,61.054984412470084
9_35_0.0,300.1488003462541,0.6060343190744356,0.10981894981523858,10296.0,45522.0,1.0,,33.83258904109588
9_35_1.0,2692.74693523501,0.1452561127192406,0.052753428518463694,46692.0,4426100.0,2.0,0.46077820635519534,61.01792247043368
9_36_0.0,2955.441680213242,0.1459208425541983,0.05063542925748765,14148.0,4426100.0,1.0,,60.761645508982085
9_37_0.0,267.8069183098583,0.5434595874987137,0.13046591233540417,13032.0,46710.0,1.0,,34.325647887323946
9_38_0.0,265.88709388963133,0.5464175176601502,0.12368929911610708,10665.0,2735900.0,1.0,,29.79387671232876
9_39_0.0,112.25863102153137,0.7517384659412142,0.11956428241455452,9459.0,10737.0,1.0,,28.60508
9_39_1.0,2738.5985509583334,0.1464134036563613,0.054056371102944575,10746.0,4426100.0,2.0,0.605325062284853,60.865761290322624
9_3_0.0,4485.53885054538,0.18922375500781283,0.09348487214753871,9000.0,4426100.0,1.0,,58.83584677419352
9_40_0.0,256.9378897809439,0.7122396251260348,0.07666393680947732,9513.0,27891.0,1.0,,37.06827941176471
9_40_1.0,2570.7439699609995,0.14612001296141267,0.05621691895730095,28062.0,4426100.0,2.0,0.5661196121646218,60.91319113573406
9_41_0.0,2803.8808376750258,0.1451862563811447,0.050582289848231494,9036.0,4426100.0,1.0,,61.11579393173203
9_42_0.0,53.188602841206105,0.474582150441089,0.1061187758292101,9405.0,14436.0,1.0,,31.931615384615384
9_42_1.0,272.94154596227634,0.7005150546834077,0.0977057734016675,14445.0,66636.0,2.0,-0.2259329042423185,41.1016
9_42_2.0,86.46160879482878,0.4204115683362227,0.07924331771752231,66879.0,100400.0,2.0,0.2801034863471848,49.05863636363636
9_42_3.0,44.503707372941925,0.8100422484009767,0.0811306511516002,100480.0,100810.0,2.0,-0.3896306800647538,55.446416666666664
9_42_4.0,2346.799004881598,0.14513642804929927,0.05851496188663362,100820.0,4426100.0,2.0,0.6649058203516772,61.46667473524961
9_43_0.0,2752.7268566430694,0.14538675050896743,0.05104638835427185,9072.0,4426100.0,1.0,,60.8882159383034
9_44_0.0,47.8268932677058,0.9280823836379087,0.1187633782283177,12771.0,13311.0,1.0,,35.34014285714286
9_44_1.0,239.82683640427842,0.7361097587152765,0.08485606778687146,13320.0,66312.0,2.0,0.19197262492263212,36.988057971014506
9_45_0.0,296.009626626648,0.7244711941248425,0.07650818125393072,9549.0,25884.0,1.0,,36.20613253012049
9_45_1.0,57.08242009426819,0.4447090581567004,0.08070978255252322,25893.0,100400.0,2.0,0.2797621359681422,45.64629411764705
9_46_0.0,56.26489197490886,0.6378021885441976,0.10141940210188925,15903.0,17703.0,1.0,,31.009705882352932
9_46_1.0,2639.38123158743,0.145881951072896,0.054086237310252284,17712.0,4426100.0,2.0,0.4919202374713015,60.995754691689044
9_47_0.0,205.62374571391493,0.7265786203788148,0.09028225236756707,9000.0,66312.0,1.0,,37.77342105263159
9_48_0.0,2644.6193705165088,0.1443049195953532,0.051661437142744446,12636.0,4426100.0,1.0,,60.966385542168716
9_49_0.0,72.25981649036095,0.8037607567098736,0.06945077682501079,9000.0,12456.0,1.0,,31.61019047619048
9_49_1.0,2492.13349439637,0.14522914356002317,0.05622815954348149,12465.0,4426100.0,2.0,0.6585316131498504,61.063820256776054
9_4_0.0,286.57245093264766,0.565787026609372,0.08306034198111346,9090.0,1445600.0,1.0,,50.17018072289156
9_50_0.0,2427.5698001380842,0.14424548163092166,0.053731356752308286,9945.0,4426100.0,1.0,,61.11619941348974
9_51_0.0,116.48139726306925,0.8047795995607964,0.06345624360548993,10611.0,19485.0,1.0,,33.17007407407407
9_51_1.0,2257.8199142058434,0.1466078875317796,0.06104317486390365,19494.0,4426100.0,2.0,0.6581717120290167,60.7464373040752
9_52_0.0,117.95344770352396,0.4736459702088309,0.09631540657506436,9990.0,30906.0,1.0,,27.046787878787875
9_52_1.0,2225.9942603814493,0.14380003446509865,0.05494144868704397,31005.0,4426100.0,2.0,0.32984593574373233,61.59332535885164
9_53_0.0,97.19456467492817,0.7823773341817967,0.12639200067036707,9684.0,20367.0,1.0,,32.48456521739131
9_53_1.0,132.8479754938416,0.5207932852842893,0.09990996910210892,20646.0,30501.0,2.0,0.2615840488975075,33.39008823529412
9_53_2.0,78.34152265891923,0.9274071938353466,0.10350657738809141,30510.0,65142.0,2.0,-0.4066139085510577,57.64713636363637
9_53_3.0,429.89049517995505,0.36307133935251673,0.1637811440851482,65151.0,217640.0,2.0,0.5587065518365133,41.91863888888887
9_53_4.0,1598.479374394827,0.14231373549821175,0.06428649482172014,217650.0,4426100.0,2.0,0.2263869065006219,63.41149435665909
9_54_0.0,52.413586742222336,0.899505032085534,0.061717194184819996,11772.0,12735.0,1.0,,45.20686666666666
9_54_1.0,36.50719395082085,1.2757473267928134,0.11661561979650213,12744.0,12825.0,2.0,-0.37624229470727966,43.5463
9_54_2.0,33.92790153510026,0.44733724502120226,0.2614687838220879,12834.0,14184.0,2.0,0.8284100817716114,24.139089999999996
9_54_3.0,2175.0199436631756,0.14355418828406322,0.05566118204659359,15894.0,4426100.0,2.0,0.303783056737139,60.23033202614376
9_55_0.0,53.575842336189275,0.5730897865635566,0.08446542818327261,9126.0,17811.0,1.0,,36.13661538461538
9_55_1.0,47.93752597665705,0.8713947302092897,0.08909253524042622,17820.0,19620.0,2.0,-0.2983049436457331,36.089181818181814
9_55_2.0,67.48672369870988,0.5669744975924441,0.08352884726710731,19629.0,28611.0,2.0,0.3044202326168456,41.520933333333325
9_55_3.0,98.61257229841513,0.9495856450718329,0.09144272293970968,28620.0,65142.0,2.0,-0.3826111474793886,61.012363636363645
9_56_0.0,2249.545316294291,0.14585720457946597,0.05798733418579618,10440.0,4426100.0,1.0,,60.531126182965274
9_57_0.0,363.37282763647244,0.625073475148792,0.11174946616315137,9189.0,110000.0,1.0,,45.65092391304348
9_58_0.0,40.681442057691946,0.7253909382340217,0.09249277214460759,14715.0,14949.0,1.0,,25.294181818181816
9_58_1.0,2130.79293050559,0.14501570262657312,0.059454769530748436,14958.0,4426100.0,2.0,0.5803752356074485,61.556622909698966
9_59_0.0,268.4980636386665,0.5370313944577015,0.10524269707304325,9558.0,163970.0,1.0,,32.51472972972972
9_5_0.0,4444.553632393444,0.1894800628908045,0.09448368365936617,9504.0,4426100.0,1.0,,59.139195161290324
9_60_0.0,275.1454498474516,0.5209442782272032,0.09299638606915896,13383.0,164480.0,1.0,,32.51633766233766
9_61_0.0,326.3307125427001,0.4848826900904324,0.09994738070570935,15318.0,198850.0,1.0,,27.423755319148942
9_62_0.0,2054.300832276282,0.1430141351799469,0.057123030079344835,10584.0,4426100.0,1.0,,62.116355902777705
9_63_0.0,142.645099093844,0.800417689568426,0.12754244176755014,11889.0,28566.0,1.0,,38.60993939393939
9_63_1.0,1903.5037234592708,0.14537526667722758,0.06788685896644449,28701.0,4426100.0,2.0,0.6550424228911984,60.40289056603765
9_64_0.0,59.14099240739822,0.6167698766391863,0.09048160304591213,9108.0,29529.0,1.0,,32.3991875
9_65_0.0,1906.1931619203795,0.16731775779327396,0.09701138858798068,9072.0,4426100.0,1.0,,58.42152571428565
9_66_0.0,137.10648348924153,0.7119127093024115,0.08478611235832234,10287.0,26811.0,1.0,,33.13748648648649
9_66_1.0,1747.6982843506773,0.152055832189102,0.07609904478622628,26820.0,4426100.0,2.0,0.5598568771133094,61.14394238683122
9_67_0.0,1865.1163006625525,0.14128635709890897,0.059784250609839204,12663.0,4426100.0,1.0,,61.2816612716762
9_68_0.0,1863.376061894093,0.14320650872982996,0.06108723800667233,9018.0,4426100.0,1.0,,61.24316608863189
9_69_0.0,236.88664771867855,0.7313812079523873,0.11064329352152925,9018.0,63765.0,1.0,,41.480866666666664
9_69_1.0,380.6641244603957,0.49491596571451607,0.07854156810531322,64062.0,122470.0,2.0,0.2364652422378709,49.0631875
9_69_2.0,1245.4656093939639,0.14698593042996325,0.0718922571864379,122600.0,4426100.0,2.0,0.3479300352845529,66.18895906432745
9_6_0.0,426.3486468800385,0.21222180846335548,0.0644166767468971,10215.0,1551600.0,1.0,,58.588163934426255
9_70_0.0,130.50888543959272,0.6580610783255956,0.14674607452910796,10287.0,25938.0,1.0,,29.193111111111104
9_70_1.0,1688.4246996919335,0.15168826189828177,0.07880355970580309,25947.0,4426100.0,2.0,0.5063728164273138,62.27405341880338
9_71_0.0,125.26325637407065,0.4193688698623182,0.12991215470397438,11970.0,34452.0,1.0,,24.949583333333333
9_72_0.0,149.39881492812347,0.5049215090967802,0.11705823291829423,9108.0,31140.0,1.0,,29.567000000000004
9_73_0.0,188.39399713872263,0.6288565875711428,0.06762949816219814,10377.0,24327.0,1.0,,33.04246296296296
9_74_0.0,133.49367182454853,0.7545192162648139,0.10399986336059187,9747.0,30717.0,1.0,,36.48328124999999
9_74_1.0,1482.1825683755271,0.14604844132955358,0.07063841471139708,30771.0,4426100.0,2.0,0.6084707749352603,63.832442542787234
9_75_0.0,1420.2972175597163,0.142794701579603,0.06801453059706555,9900.0,4426100.0,1.0,,64.3623606138107
9_76_0.0,254.24981424811287,0.6623251356748447,0.11003300614245613,10098.0,38799.0,1.0,,35.950092307692316
9_76_1.0,1179.4888157528674,0.15082172585861842,0.07584449100093939,38808.0,4426100.0,2.0,0.5115034098162267,66.89570496894406
9_77_0.0,37.50423797477411,0.8328616571141807,0.07122762843326613,11394.0,11484.0,1.0,,29.564181818181815
9_77_1.0,1338.024407087746,0.1493268831513553,0.07792468669962047,11493.0,4426100.0,2.0,0.6835347739628255,64.87459782608693
9_78_0.0,691.1079722855686,0.5730923507268926,0.11701687901385847,9126.0,188130.0,1.0,,44.74932275132278
9_78_1.0,515.324026276209,0.1803495328161884,0.07992696744779178,188260.0,4426100.0,2.0,0.3927428179107042,81.25599305555555
9_79_0.0,124.63770205837443,0.7879340290118839,0.07201912351597227,9225.0,20916.0,1.0,,34.04496774193549
9_79_1.0,1007.0616044102981,0.15780997491692955,0.08311193072416702,21519.0,4426100.0,2.0,0.6301240540949544,69.31265703971118
9_7_0.0,192.07964599387748,0.5836034458738986,0.049195489082081996,10323.0,39186.0,1.0,,34.643410714285714
9_7_1.0,50.3189058170536,0.7708067600383527,0.10780986721461575,39195.0,56889.0,2.0,-0.18720331416445413,52.035000000000004
9_7_2.0,4164.347812543275,0.16924911243509871,0.06953479505516688,56898.0,4426100.0,2.0,0.6027120423502017,62.4940453767123
9_80_0.0,1108.0819961110376,0.14891047982062353,0.07522613545462069,9009.0,4426100.0,1.0,,67.5312236842105
9_81_0.0,320.2767710937328,0.5519677377713933,0.09905813172247459,13122.0,55656.0,1.0,,35.20644736842105
9_81_1.0,69.6007554111706,0.3230600135727026,0.06387501066112977,55845.0,64773.0,2.0,0.22890772419869065,43.043894736842105
9_81_2.0,234.26918626466897,0.5370808324559364,0.14386996360396148,64800.0,188260.0,2.0,-0.21945102298116748,53.37519047619047
9_82_0.0,1089.0524211640886,0.149885197154082,0.07558963711176599,9864.0,4426100.0,1.0,,68.11927090301
9_83_0.0,610.2041779328724,0.5367166737689847,0.08155567028956401,9603.0,188260.0,1.0,,46.397798780487825
9_84_0.0,446.8360603342205,0.5101315075316419,0.07853736116533348,11025.0,188360.0,1.0,,47.873008547008546
9_85_0.0,266.93256247998846,0.6703851639893217,0.08530291768544757,9351.0,53613.0,1.0,,38.96957746478875
9_85_1.0,677.8763715212037,0.17695669940938855,0.0843799352556224,54846.0,4426100.0,2.0,0.4934284645799333,77.84934574468086
9_86_0.0,250.34945752111457,0.6433780748191212,0.0738119304083444,9216.0,54846.0,1.0,,38.71665625000001
9_87_0.0,836.956513432115,0.1609238189309844,0.08108793894141694,9648.0,4426100.0,1.0,,72.774042918455
9_88_0.0,78.89782725584297,0.9060774984424711,0.13183546479702696,9072.0,13077.0,1.0,,38.24268421052633
9_88_1.0,681.7864863721163,0.18269790921876267,0.09465166816416438,13212.0,4426100.0,2.0,0.7233795892237085,77.56214814814815
9_89_0.0,187.07459801670527,0.7337257463467212,0.09760138943325232,9198.0,36027.0,1.0,,37.51133333333333
9_89_1.0,104.5138179326089,0.5307896607680265,0.11511982302662341,36315.0,4377300.0,2.0,0.2029360855786949,39.59870967741934
9_8_0.0,4385.432861015052,0.18876133978202317,0.09902962037809644,9054.0,4426100.0,1.0,,59.398330876330846
9_90_0.0,112.91158344694323,0.4246367480397439,0.13317608317549323,9054.0,4391800.0,1.0,,57.22748387096774
9_91_0.0,121.86579308362137,0.7498459970364929,0.06884924471894731,9198.0,25524.0,1.0,,39.74255555555556
9_91_1.0,179.1387377157155,0.5945905425444381,0.1386951372498973,25668.0,45270.0,2.0,0.16897824546279605,39.746134615384605
9_91_2.0,253.35295016116277,0.8121571754463102,0.07598933402880821,45279.0,119180.0,2.0,-0.23128942387261342,66.42975714285717
9_91_3.0,286.0344665353381,0.17294856848193968,0.09518177782039286,119190.0,4803000.0,2.0,0.6392086069643707,67.61368750000004
9_92_0.0,248.86847047578456,0.6067392464248413,0.09916400644702705,9018.0,38052.0,1.0,,35.29826562500001
9_92_1.0,238.04031462342334,0.8291422112295578,0.09650454422375182,38061.0,119180.0,2.0,-0.22240296480471622,62.80458461538462
9_93_0.0,141.95316228084565,0.6433642774150374,0.12152240879776555,9099.0,43614.0,1.0,,36.102780487804864
9_94_0.0,317.5143275126703,0.7345633204793682,0.06989710393350605,10791.0,28197.0,1.0,,40.45148888888889
9_94_1.0,39.883710400822345,1.0318446645992263,0.08794782453444808,28206.0,28296.0,2.0,-0.2972813441198582,54.85999999999999
9_94_2.0,375.6497882462654,0.18036730196871617,0.10129670878536767,28305.0,4803000.0,2.0,0.8514773626305101,69.726046728972
9_95_0.0,159.20897226246475,0.7921024266847199,0.07659206945521838,9639.0,38853.0,1.0,,36.127444444444436
9_95_1.0,465.7143647566499,0.16728005074475552,0.0732200353572407,39033.0,4803000.0,2.0,0.6248223759399643,70.58820895522386
9_96_0.0,53.04852205818101,0.4657300514736288,0.1240019473445433,9360.0,4449200.0,1.0,,30.540307692307692
9_97_0.0,320.08778080338817,0.8031855394588967,0.11746247347774857,9063.0,16200.0,1.0,,35.47827472527474
9_97_1.0,284.0066510723457,0.16141987854672482,0.08451063518694611,17766.0,4803000.0,2.0,0.6417656609121716,67.81230000000004
9_98_0.0,116.99793714610408,0.807902268836554,0.09454345577082378,9387.0,38853.0,1.0,,38.86537931034483
9_99_0.0,497.1741437504692,0.15099093356347737,0.05534926745334142,9000.0,4803000.0,1.0,,70.22005281690137
9_9_0.0,198.65164996562459,0.278483826822936,0.058302507754267804,9189.0,44883.0,1.0,,17.33325454545454
9_9_1.0,161.57131175916913,0.6409884598640588,0.07228725301475349,44937.0,59175.0,2.0,-0.36250463304112274,50.99184090909091
9_9_2.0,51.10897247333033,0.9835299912066408,0.0849401490284506,59247.0,60768.0,2.0,-0.34254153134258203,77.65018181818182
9_9_3.0,3951.781782878814,0.16388397219613765,0.06445737911528401,60777.0,4426100.0,2.0,0.8196460190105032,62.47365221318876
