ccID,ccLength,ccMeanSlope,ccStdSlope,minDrainageArea,maxDrainageArea,segmentLocation,slopeChangeToPrevCC
12_0_0.0,183.2939775586857,0.6829266524840687,0.07647651647711785,9000.0,58644.0,1.0,
12_0_1.0,55.133223167828376,0.2303681610943734,0.08811981359980797,58653.0,64332.0,3.0,0.4513095341438192
13_0_0.0,704.5299777032848,0.5850490190461819,0.09332944321072092,10476.0,150540.0,1.0,
13_0_1.0,53.388215075610816,0.7164264491184363,0.13200806916335858,150600.0,156580.0,2.0,-0.13137743007225433
13_0_2.0,138.78373389614808,0.4694487104562508,0.08303274421925759,156630.0,175330.0,3.0,0.24781522471286346
13_1_0.0,626.776213786643,0.5641708733519976,0.08927073231123543,9711.0,149610.0,1.0,
13_2_0.0,83.2615384437874,0.5172863598868529,0.06799158812057712,9666.0,47538.0,1.0,
13_3_0.0,547.7075765430732,0.5701706266477777,0.08808803120636932,9000.0,149620.0,1.0,
13_4_0.0,229.506509811443,0.5084755967593193,0.07214087716870138,9135.0,149600.0,1.0,
14_0_0.0,413.09085821581283,0.6970618831800118,0.1074715996329428,9234.0,75168.0,1.0,
14_0_1.0,228.1709089397796,0.3651147680499092,0.07988861821169241,75177.0,96741.0,3.0,0.3318912252142279
14_1_0.0,326.2999715608944,0.7174542821857522,0.11517191449380132,9000.0,75150.0,1.0,
14_2_0.0,236.66228642837558,0.7245239824183645,0.11957144361237645,9027.0,75141.0,1.0,
14_3_0.0,111.20828989773369,0.8258265643295025,0.08329650972900635,9144.0,73359.0,1.0,
14_4_0.0,96.41249348220532,0.29294767673900923,0.04989987182616859,9270.0,96741.0,4.0,
15_0_0.0,336.36792055936934,0.6513464188029711,0.11383854538006626,9126.0,39393.0,1.0,
15_0_1.0,87.85936448970287,0.2611154374202711,0.050480333848426116,39402.0,59481.0,3.0,0.3902920803298748
15_1_0.0,277.12747854058966,0.6257257921301885,0.10389666116002204,11934.0,39402.0,1.0,
16_0_0.0,226.49355541485733,0.7154288443085517,0.1335095671148024,9414.0,40590.0,1.0,
16_0_1.0,94.07693867445087,0.3500695871136173,0.08680363341661045,40599.0,47223.0,3.0,0.3642811297584551
17_0_0.0,166.2760532860205,0.5771547999941309,0.10646129182193306,9036.0,215230.0,1.0,
17_0_1.0,569.9291117426322,0.36681206398966215,0.07769982843157593,215650.0,349160.0,2.0,0.21034273600446884
17_0_2.0,39.30209464952723,0.7430439255401439,0.11475491380896367,349160.0,353460.0,2.0,-0.3762318615504817
17_0_3.0,43.43017480917284,1.067585591331296,0.09307892336929983,353570.0,353780.0,2.0,-0.3245416657911523
17_0_4.0,111.3646573772081,0.7493251690866348,0.12894874884621088,358280.0,374880.0,2.0,0.341623642984729
17_0_5.0,40.058837940264056,0.5021831245641637,0.1008604389707064,375030.0,379560.0,2.0,0.22377882378240346
17_0_6.0,47.544732901105576,0.849163970323894,0.06676276444879213,379570.0,381200.0,2.0,-0.3469808457597303
17_0_7.0,35.89591748744275,1.1864802780172092,0.12696052382375142,381210.0,381420.0,2.0,-0.33731630769331544
17_0_8.0,62.359408654873455,0.3985222097391105,0.14029045859656394,382040.0,502050.0,3.0,0.7886551076004384
17_1_0.0,97.27737670413349,0.6681198846403921,0.08291881752824011,9009.0,21033.0,1.0,
17_2_0.0,622.2147841861938,0.3791294917528767,0.08716075475673406,9027.0,349160.0,1.0,
17_3_0.0,535.4515188485427,0.5816162124369488,0.09507244160988844,9018.0,67554.0,1.0,
17_3_1.0,120.94526222023666,0.9700032790304808,0.11281701026706208,67725.0,75321.0,2.0,-0.3883870665935323
17_3_2.0,218.71802032374248,0.7087096918742447,0.07257205721229129,81297.0,96795.0,2.0,0.2612935871562364
17_3_3.0,51.374833609410295,1.1381173340683979,0.1163946585488486,96804.0,98784.0,2.0,-0.4294076421941536
17_3_4.0,61.222712084628505,0.4077754861672143,0.14995881078688736,98793.0,502050.0,3.0,0.7307179365411008
17_4_0.0,455.2006859784676,0.4301628541979031,0.10661395481027297,10746.0,350170.0,1.0,
17_5_0.0,198.69324261707436,0.6820099265108365,0.08852454806590697,9081.0,67833.0,1.0,
17_6_0.0,41.108528468884465,0.8019888462267204,0.08719383414912323,9297.0,11466.0,1.0,
18_0_0.0,209.52816591252002,0.8662856023005319,0.10742580435234568,9360.0,56061.0,1.0,
18_0_1.0,424.0127580348506,0.5371480324326282,0.08887297779836438,56160.0,198770.0,2.0,0.32913756986790343
18_0_2.0,560.0527667412101,0.2987069435241341,0.07251213123568966,199490.0,773500.0,2.0,0.24262563225894526
18_0_3.0,48.94992869776447,0.9166882800163768,0.1734529903968514,773500.0,774430.0,2.0,-0.6221658798426937
18_0_4.0,576.3098034587846,0.319975125537972,0.08808932340682422,775470.0,1012100.0,2.0,0.596713154478405
18_0_5.0,183.00297076234176,0.5053709743768312,0.14135334193637736,1012200.0,1043000.0,3.0,-0.16218405287469911
18_10_0.0,533.870570455908,0.359444547066096,0.11443311177862425,10332.0,773500.0,1.0,
18_11_0.0,153.02766678751425,0.5717163591263595,0.1238596984818916,11709.0,24039.0,1.0,
18_12_0.0,464.4451938025312,0.3417061673570473,0.1037771051554246,9045.0,773500.0,1.0,
18_13_0.0,234.20676163824015,0.6560928782513848,0.0750074464136185,9315.0,22005.0,1.0,
18_13_1.0,227.96042319992958,0.3549530238794084,0.08041635250517619,22383.0,773500.0,2.0,0.30113985437197616
18_14_0.0,427.5211469517734,0.3741464346906127,0.08692648313116115,11313.0,773500.0,1.0,
18_15_0.0,446.24797530328965,0.7219033131506386,0.09057136878607464,9000.0,38718.0,1.0,
18_15_1.0,503.2419820979351,0.3143582652687514,0.0877920725073186,38925.0,1012100.0,2.0,0.40754504788188745
18_16_0.0,187.08195082213487,0.6782977308186391,0.07199306640840825,9054.0,35757.0,1.0,
18_17_0.0,228.99939879911784,0.7493853946038183,0.09472216085777928,9126.0,34758.0,1.0,
18_18_0.0,59.58452535354135,0.8103476213714987,0.10822025163532548,9261.0,14697.0,1.0,
18_18_1.0,361.21004829044546,0.3017751981327585,0.09549726986951444,14706.0,1012000.0,2.0,0.5085724232387403
18_19_0.0,264.89319818599245,0.8034106293337732,0.09398864283689516,9000.0,55233.0,1.0,
18_19_1.0,226.85810771095888,0.4929427571842626,0.13219849292048585,55242.0,1043000.0,3.0,0.3290647195611883
18_1_0.0,143.78515220196292,0.7400732685097092,0.13406329581646195,9126.0,73683.0,1.0,
18_20_0.0,240.1888100000661,0.7793350310180226,0.08332486718659161,9000.0,55242.0,1.0,
18_21_0.0,234.9396005020844,0.7409358271891745,0.060761432612624615,9486.0,55251.0,1.0,
18_22_0.0,120.02173260895741,0.305112218840033,0.07344750971973674,9621.0,1012000.0,1.0,
18_2_0.0,422.93541406205424,0.5956772688720047,0.10877337375346928,9405.0,198740.0,1.0,
18_3_0.0,89.80995253667155,0.6971687463908535,0.10381231955486434,9405.0,38511.0,1.0,
18_3_1.0,119.29661296533531,0.4946341270103665,0.09193657148181368,119680.0,221800.0,2.0,0.20253461938048692
18_3_2.0,91.60036302739364,0.5835571801633852,0.14448361547480698,221880.0,239260.0,2.0,-0.08892305315301867
18_3_3.0,662.0892164722782,0.30852116515319183,0.06629447415032137,239290.0,773500.0,2.0,0.2750360150101934
18_4_0.0,273.5995911163411,0.5971253300551247,0.13304641561585562,9603.0,239250.0,1.0,
18_5_0.0,372.2838776822924,0.6245052387770409,0.12833319696626205,9126.0,198490.0,1.0,
18_6_0.0,177.6167040554333,0.5546496036320726,0.09926105079755553,9792.0,36063.0,1.0,
18_6_1.0,53.49951609556305,0.8633690571083046,0.09331564117929976,36468.0,37296.0,2.0,-0.3087194534762321
18_6_2.0,556.5794994943601,0.38181464178054303,0.08846985026175333,40941.0,773500.0,2.0,0.4815544153277616
18_7_0.0,194.2323552176451,0.6619141805602468,0.09500148698675293,9198.0,198490.0,1.0,
18_8_0.0,94.19994201423258,0.4887346292187751,0.09082293383094474,15291.0,35910.0,1.0,
18_9_0.0,197.4843308240107,0.6831643406401693,0.0902603221454734,9000.0,73269.0,1.0,
19_0_0.0,384.1928501859617,0.644329691227038,0.08214977669732226,9009.0,79299.0,1.0,
19_0_1.0,334.0890491774227,0.3587878796369797,0.07177807438433921,79335.0,203840.0,3.0,0.2854745692991901
19_1_0.0,347.77290537893487,0.6052627448419793,0.10512947139272873,12591.0,79416.0,1.0,
19_2_0.0,341.776478458967,0.576356219733285,0.09293550929909633,9513.0,170460.0,1.0,
19_3_0.0,468.2927815188,0.4125038084760823,0.12141187529057312,9135.0,203840.0,4.0,
19_4_0.0,180.53885415595616,0.3647146371770413,0.08467936946722703,9063.0,203840.0,4.0,
20_0_0.0,310.532167515325,0.6694319676175953,0.07662619660968108,12816.0,72531.0,1.0,
20_0_1.0,731.835932611201,0.3419333456099368,0.0796116495140914,72567.0,1657200.0,2.0,0.32749862200765856
20_0_2.0,1645.7326303473676,0.16048943769236995,0.06619144157546497,1657900.0,3909000.0,2.0,0.18144390791756698
20_0_3.0,47.65514433081666,0.5166125570775739,0.08657209473748118,3909100.0,3980600.0,2.0,-0.35612311938520425
20_0_4.0,92.01908584120605,0.22009657737629384,0.11240576754320744,3980700.0,4006700.0,2.0,0.2965159797012802
20_0_5.0,45.111229768104245,0.4052194030801985,0.12176336481069765,4006900.0,4013000.0,2.0,-0.18512282570390465
20_0_6.0,690.6336892483356,0.15500550895074958,0.09073290835358183,4013200.0,4471700.0,2.0,0.2610398017438749
20_0_7.0,49.30532104130603,0.8339918200411301,0.19099456450365027,4471700.0,4474800.0,2.0,-0.6898122187048065
20_0_8.0,2283.595928575873,0.11309837282627885,0.05456985363486898,4475200.0,6483900.0,3.0,0.7209165082740479
20_100_0.0,97.51539279294559,0.5996480896776367,0.14000679989779247,9090.0,17595.0,1.0,
20_101_0.0,377.35703569820197,0.7282368538530871,0.10372994862437944,9891.0,68157.0,1.0,
20_101_1.0,42.38522213013419,0.8968979395868376,0.10919080077617163,68166.0,71820.0,2.0,-0.1805580370246308
20_101_2.0,122.7883654240308,0.6826836320889329,0.07021550128890769,72000.0,78183.0,2.0,0.2142143074979048
20_102_0.0,36.229534868304356,1.0023128937862351,0.3440389348530198,9405.0,10161.0,1.0,
20_102_1.0,2036.8026649448807,0.10643957332378977,0.04805798958163805,10170.0,6483900.0,3.0,0.8958872887291613
20_103_0.0,45.49352180388009,0.7399395602597515,0.12667864361494408,14103.0,19719.0,1.0,
20_103_1.0,66.28781549349921,1.2469010525333026,0.15645187378651684,19809.0,21708.0,2.0,-0.5069614922735509
20_103_2.0,32.709280736956444,0.4517823227562493,0.24561628621207354,21870.0,5352300.0,2.0,0.7951187297770531
20_104_0.0,49.4518696401387,0.5986369816411158,0.10177608496196903,9387.0,16389.0,1.0,
20_104_1.0,86.07498057634982,0.85043933952593,0.06954128224569381,16398.0,27819.0,2.0,-0.2518023578848144
20_104_2.0,1865.3719440499815,0.10584435492159434,0.05500151375928551,33264.0,6483900.0,3.0,0.7446090970442324
20_105_0.0,307.1487056313386,0.7119247885030859,0.11216524995714866,9153.0,94806.0,1.0,
20_106_0.0,97.6080799151805,0.6348022626926614,0.0873437497300523,9360.0,5409600.0,1.0,
20_107_0.0,44.6720666326937,0.8959248900501388,0.0977424682990892,10188.0,27810.0,1.0,
20_108_0.0,189.10964803946342,0.6497805417156112,0.08875059314458962,10755.0,94815.0,1.0,
20_109_0.0,117.74110822702295,0.8556348869505186,0.06346500447469222,9000.0,12537.0,1.0,
20_109_1.0,1727.7042377301389,0.09761872536525976,0.041697872466927306,12546.0,6483900.0,3.0,0.7580143978564491
20_10_0.0,516.6077094350453,0.345631398353628,0.11646083269351465,12438.0,1657200.0,1.0,
20_110_0.0,169.5402861450562,0.8349407921272315,0.0752165729473125,9315.0,25434.0,1.0,
20_110_1.0,60.85979382253532,0.5660377635329695,0.06649624772070017,25479.0,27918.0,2.0,0.268903028594262
20_111_0.0,62.18552125609589,0.7118894975276879,0.09684533586826947,10107.0,11736.0,1.0,
20_112_0.0,354.7876684531865,0.5286698855196786,0.0898600962266486,9504.0,70137.0,1.0,
20_113_0.0,107.24652066555682,0.8892236143453246,0.05329390046541576,9153.0,10953.0,1.0,
20_113_1.0,1465.7518031822603,0.09653218935259368,0.051168768928729486,10962.0,6483900.0,3.0,0.7926867144069121
20_114_0.0,249.72156150193408,0.4845342184023421,0.09363010041088317,9369.0,70146.0,1.0,
20_115_0.0,87.0279398646389,0.9737289040963291,0.10203768782117316,9414.0,11628.0,1.0,
20_115_1.0,38.61476807638783,0.37742177667109417,0.2176966073800132,11637.0,5728500.0,2.0,0.5963071274252347
20_116_0.0,222.726290917863,0.5725801982795677,0.07663133929867008,9180.0,70128.0,1.0,
20_117_0.0,158.16677627072028,0.598493798905933,0.08860507635795165,9918.0,47511.0,1.0,
20_11_0.0,432.4560557004857,0.6830625060245401,0.1178456681963222,9864.0,58626.0,1.0,
20_11_1.0,1632.530781256656,0.16356898159664152,0.06742189076781803,58635.0,3909000.0,2.0,0.5065677356580085
20_12_0.0,2016.0497201725607,0.18799745014258298,0.0916673401458088,9063.0,3909000.0,1.0,
20_13_0.0,274.9821183611727,0.6551551581581246,0.10659503706052144,9036.0,24633.0,1.0,
20_14_0.0,72.75089630871398,0.8510776595476408,0.08287835008581224,9081.0,17820.0,1.0,
20_14_1.0,587.1793597725148,0.3348521144997289,0.0794068658678504,17829.0,290420.0,2.0,0.5162255450479114
20_14_2.0,240.7812860288613,0.4272853035440915,0.1065487168172147,290430.0,450360.0,2.0,-0.0924331890443622
20_15_0.0,636.5516250982104,0.3222347351843949,0.06587845246684162,9144.0,290410.0,1.0,
20_16_0.0,629.8247094903278,0.3191816076689413,0.061912600820938975,10458.0,290410.0,1.0,
20_17_0.0,175.7242123894895,0.8522710202241599,0.09843547226932144,12960.0,27045.0,1.0,
20_17_1.0,1459.4319125432482,0.1618788768277176,0.074421952159727,27054.0,3909000.0,2.0,0.6796533238900597
20_18_0.0,1611.8451556521698,0.1650626208205876,0.0710741785571233,9081.0,3909000.0,1.0,
20_19_0.0,578.7143872440151,0.32833977659680796,0.07333841307297324,9090.0,290410.0,1.0,
20_1_0.0,191.6298278699434,0.7201024913276245,0.13341917008231974,9153.0,72009.0,1.0,
20_20_0.0,117.14263146721123,0.530853436061993,0.07119342749226533,9180.0,1770900.0,1.0,
20_21_0.0,249.36122525036583,0.7384139190260647,0.0582763062298309,9198.0,39024.0,1.0,
20_21_1.0,1346.921129301918,0.15635425978034426,0.0702949278247197,39033.0,3909000.0,2.0,0.5820596592457205
20_22_0.0,191.9387934407829,0.7379857367915764,0.06368673463985151,10107.0,39024.0,1.0,
20_23_0.0,184.57910645500482,0.783522653629509,0.12018553189627487,9405.0,20781.0,1.0,
20_23_1.0,572.2342769939459,0.43057229918237894,0.08834728487563293,20961.0,450360.0,2.0,0.32671938592431354
20_24_0.0,497.8229462919683,0.31804731217450943,0.06623514479709974,10431.0,290410.0,1.0,
20_25_0.0,162.9385982923868,0.8062160004974244,0.08459936932755382,9531.0,17073.0,1.0,
20_25_1.0,424.02398700701883,0.4392835916335908,0.09960339300096142,19053.0,2165800.0,2.0,0.3669324088638337
20_26_0.0,114.50092134935743,0.4207770989535796,0.08573804908019379,9576.0,11682.0,1.0,
20_26_1.0,52.51411851010789,0.5700157678205103,0.10272311123608208,11691.0,11826.0,2.0,-0.1492386688669306
20_26_2.0,141.8406467572739,0.2626337506232085,0.12973700713472758,11835.0,19881.0,2.0,0.3073820171973016
20_26_3.0,390.76336280590533,0.4382737909483735,0.1130336412130238,19890.0,450360.0,2.0,-0.17919572353965652
20_27_0.0,122.63054386485749,0.5873004215327985,0.12246608228821697,13077.0,15471.0,1.0,
20_27_1.0,155.80099764075484,0.3537145215604587,0.058718235334645964,15480.0,26190.0,2.0,0.2335858999723398
20_27_2.0,262.5982730266872,0.4627456984541641,0.12114943556262045,26199.0,2165800.0,2.0,-0.10903117689370567
20_28_0.0,307.0055770690014,0.5785201113351395,0.0974638172031612,9045.0,260160.0,1.0,
20_29_0.0,384.50520755791496,0.30701995608412064,0.05792082743138726,9297.0,290410.0,1.0,
20_2_0.0,353.486841284491,0.5916803437800092,0.07820490857128601,10449.0,114820.0,1.0,
20_2_1.0,37.69765912124935,0.3593018190129033,0.09761158611164246,114830.0,119700.0,2.0,0.23237852476710585
20_2_2.0,432.6270901994145,0.3345010243898739,0.11853005210882354,119710.0,1657200.0,2.0,0.02480079462302953
20_30_0.0,253.55434446929092,0.5550551409361631,0.0722362921217887,9882.0,260450.0,1.0,
20_31_0.0,98.88381941097832,0.5342416294440183,0.09011889753070924,10584.0,11160.0,1.0,
20_31_1.0,84.66514668031787,0.2319573897038816,0.07698938464179113,11169.0,22977.0,2.0,0.30228423974013674
20_31_2.0,197.93285335364098,0.5571631537969527,0.08729910615125093,22986.0,45927.0,2.0,-0.3252057640930711
20_31_3.0,221.8947535335864,0.3858366272289727,0.1000577995579886,46215.0,2654100.0,2.0,0.1713265265679801
20_32_0.0,293.68427990003966,0.4615574066380517,0.10048176777470734,10773.0,2071000.0,1.0,
20_33_0.0,38.476163109147855,0.7167931726796205,0.1126020045929612,9270.0,12528.0,1.0,
20_33_1.0,238.8475298436399,0.3039216323310876,0.0734278514720485,12546.0,290410.0,2.0,0.4128715403485329
20_34_0.0,134.37220394631032,0.6371984774983754,0.08217900925164763,9117.0,14796.0,1.0,
20_34_1.0,128.62894569132376,0.4047356673392741,0.1716931563932296,14805.0,2073500.0,2.0,0.2671048606295587
20_35_0.0,53.43261589938776,0.2026585576623305,0.09501444146107432,9423.0,22968.0,1.0,
20_36_0.0,181.75846148013008,0.4503149115445281,0.1100768401038192,9009.0,371890.0,1.0,
20_36_1.0,54.78450667311915,0.7630880826444685,0.08456870413437262,372200.0,383080.0,2.0,-0.3127731710999404
20_36_2.0,162.81287303453524,0.3652044881433247,0.09256491637286296,383120.0,421840.0,2.0,0.3978835945011437
20_36_3.0,799.1208777162262,0.2165596316489385,0.11562826400584016,421850.0,3909100.0,2.0,0.15391112169496726
20_37_0.0,117.56177691601351,0.44203862337999017,0.1419464880846798,12249.0,2072700.0,1.0,
20_38_0.0,69.15298188790246,0.4650841309150093,0.0954227982218505,11088.0,13014.0,1.0,
20_38_1.0,54.2249921574164,0.7478242142803743,0.08027897028980309,13023.0,13311.0,2.0,-0.2827400833653651
20_38_2.0,1026.5439280362743,0.1386070412182156,0.05882254515543279,13491.0,3909000.0,2.0,0.6092171730621586
20_39_0.0,42.51118841026098,0.4690261178229121,0.12406210719522,13122.0,2005500.0,1.0,
20_3_0.0,337.0142638880463,0.6055718892893439,0.05687288779008155,10233.0,114800.0,1.0,
20_40_0.0,58.34217116651251,0.5881091408823035,0.08107009206619274,10764.0,31131.0,1.0,
20_41_0.0,44.29734874529034,0.3356320944098519,0.0990135218001313,13824.0,335050.0,1.0,
20_42_0.0,279.2296495842712,0.6424425974997731,0.1101069946267228,11367.0,340280.0,1.0,
20_43_0.0,296.93625857311287,0.3977771623505933,0.09097865979959956,12087.0,2654100.0,1.0,
20_44_0.0,186.24197408128245,0.4059493292588734,0.1370380941608694,9027.0,421840.0,1.0,
20_45_0.0,77.53673664135202,0.2923975232990492,0.08178408167427306,9198.0,10584.0,1.0,
20_45_1.0,225.38589021550612,0.5834505478364737,0.10030458150860316,10593.0,161350.0,2.0,-0.29105302453742443
20_45_2.0,610.0965118129521,0.1561137987536937,0.08840350666901045,161560.0,3909000.0,2.0,0.42733674908278
20_46_0.0,153.76277916154078,0.6863566638486768,0.09360174915199752,13464.0,56331.0,1.0,
20_46_1.0,759.3088278279394,0.2177390981909257,0.1159988611963582,56457.0,3909100.0,2.0,0.4660908367983722
20_47_0.0,46.444888414700145,0.11878080738469544,0.09928601561877068,10458.0,12528.0,1.0,
20_47_1.0,78.04598347206138,0.8403137178251059,0.2570987249788813,12591.0,436590.0,2.0,-0.622284989310423
20_48_0.0,97.53576586010472,0.8975103799539087,0.06564515907336188,9009.0,22329.0,1.0,
20_48_1.0,685.9025101917541,0.1370920459690157,0.0748205317425941,22644.0,3909000.0,2.0,0.7601076655782573
20_49_0.0,264.53120986081586,0.4741479535307933,0.13369719787257886,9045.0,166720.0,1.0,
20_4_0.0,291.47652938876774,0.5856456099082064,0.07732236917910043,9126.0,114820.0,1.0,
20_50_0.0,254.644028569119,0.4558024503654642,0.12226649074572367,12096.0,166720.0,1.0,
20_51_0.0,48.180484800976544,0.8916792978573586,0.07899733988274696,9171.0,11754.0,1.0,
20_51_1.0,680.1107577347938,0.2056170238582714,0.11051428277476713,11943.0,3909100.0,2.0,0.6860622739990871
20_52_0.0,197.0198478327671,0.4069491428282172,0.10646176519186223,9198.0,2901600.0,1.0,
20_53_0.0,180.4308894783128,0.5157190329413275,0.09325090133048697,16740.0,264480.0,1.0,
20_53_1.0,461.0892529413052,0.15909347527739964,0.06456133897649424,265580.0,3909000.0,2.0,0.35662555766392795
20_54_0.0,217.96394174017644,0.6703774335233044,0.09128516334648948,9729.0,30501.0,1.0,
20_55_0.0,129.27704213613458,0.3546035257295676,0.08530079186412194,9162.0,16686.0,1.0,
20_55_1.0,445.15981582322433,0.7281466128610667,0.12472078456553827,16695.0,3979400.0,2.0,-0.3694918311528557
20_56_0.0,465.2461512916903,0.1198594507369492,0.042508952376385294,9891.0,3909000.0,1.0,
20_57_0.0,82.13481280224441,0.5730820358311827,0.0685361457421353,9000.0,14598.0,1.0,
20_57_1.0,388.7455518676389,0.12502190435500146,0.05217774529771752,14607.0,3909000.0,2.0,0.4480601314761812
20_58_0.0,80.09357761413742,0.6615153566396477,0.08506392174364022,9000.0,15822.0,1.0,
20_58_1.0,356.7997859149217,0.14901316725065078,0.0722758613849571,15831.0,3909000.0,2.0,0.5125021893889969
20_59_0.0,404.58409932768575,0.556481662468094,0.08085428461827646,12375.0,78471.0,1.0,
20_59_1.0,527.4982168267129,0.5939987713972362,0.11902283511321292,78480.0,159980.0,2.0,-0.037517108929142166
20_59_2.0,56.380724847266215,0.9953880307716638,0.1183742645743524,160280.0,160870.0,2.0,-0.4013892593744275
20_59_3.0,320.9626669415612,0.16566604377454547,0.11011882272646592,161010.0,4471700.0,2.0,0.8426956765154787
20_5_0.0,252.94093681658174,0.5910395097800722,0.06657983133267882,9009.0,114820.0,1.0,
20_60_0.0,134.3147177582643,0.4412722378910153,0.06459230494462656,12996.0,24390.0,1.0,
20_60_1.0,87.66083113210483,0.7879499236297869,0.08919906002056177,24453.0,28800.0,2.0,-0.3466776857387713
20_60_2.0,62.15297911654136,0.6220723521222883,0.10832388849356596,29745.0,30546.0,2.0,0.16587757150749827
20_60_3.0,126.77957974567431,0.941383218600118,0.10948631930975553,30555.0,30789.0,2.0,-0.31931086647782936
20_60_4.0,662.2145646515779,0.5454261032202585,0.11603506114201725,30798.0,446000.0,2.0,0.4015683275934088
20_60_5.0,82.91146170699224,0.33848668467683635,0.08099824183129016,451650.0,462180.0,2.0,0.2013282063298727
20_60_6.0,73.86196867649164,0.5819438722120966,0.05226589653407892,462200.0,4975000.0,2.0,-0.24345718753526024
20_61_0.0,173.64231798346137,0.6636959532591066,0.1270013275516875,10881.0,68697.0,1.0,
20_62_0.0,119.04612671546231,0.7175778409035043,0.0736469071692851,12618.0,19548.0,1.0,
20_62_1.0,72.26439774356898,1.0409665150024787,0.07923294922322771,19683.0,36486.0,2.0,-0.3233886740989742
20_62_2.0,833.0881511324112,0.561686101148634,0.12546331082992002,36495.0,445160.0,2.0,0.4792804138538448
20_63_0.0,246.41667951407533,0.840175304727211,0.0982802004010602,9972.0,55620.0,1.0,
20_63_1.0,742.9965979520102,0.5454327425713636,0.1075781945870263,55683.0,446000.0,2.0,0.2995845901705633
20_64_0.0,85.0893971116469,0.7310276498274216,0.09245869294093292,9036.0,13959.0,1.0,
20_64_1.0,68.2069717096375,1.019365032552788,0.0947354015624308,13968.0,36495.0,2.0,-0.288337382725366
20_65_0.0,97.31479720706972,0.7126918492568529,0.08088529050194164,9738.0,13653.0,1.0,
20_65_1.0,79.47390944266688,0.9633432192322048,0.06251161121618505,13725.0,14454.0,2.0,-0.25065136997535176
20_65_2.0,171.01001850622674,0.4577132907761744,0.08649023922858283,14463.0,19152.0,2.0,0.5056299284560304
20_65_3.0,272.5390656574501,0.7069536837625844,0.10472583900824804,19161.0,108040.0,2.0,-0.2492403929864101
20_65_4.0,302.45078237065917,0.4775221316774322,0.09124336044716852,108060.0,178600.0,2.0,0.22943155208515226
20_65_5.0,50.65537535598194,0.6441757537655637,0.10268624188104404,178730.0,442930.0,2.0,-0.16665362208813167
20_66_0.0,489.40698428101774,0.6712965956059211,0.12351525995462635,11970.0,191710.0,1.0,
20_67_0.0,177.6976320820455,0.7668202687092384,0.12088305627463272,9279.0,14004.0,1.0,
20_67_1.0,158.97525170530812,0.5262067343110824,0.07128162658565013,14013.0,33516.0,2.0,0.2406135343981559
20_67_2.0,250.33391352063282,0.7343728800355187,0.11816765555391165,33525.0,107590.0,2.0,-0.20816614572443612
20_68_0.0,49.7756152780269,0.8224877683546788,0.08615348030654672,9891.0,66303.0,1.0,
20_69_0.0,87.85158753490869,0.7319057563474051,0.10119095540014937,9603.0,29016.0,1.0,
20_69_1.0,86.97619985941174,1.0516528615657943,0.06723507331231034,29160.0,34884.0,2.0,-0.3197471052183897
20_69_2.0,43.36335121635736,1.369111814110432,0.17353456638001186,35478.0,38916.0,2.0,-0.3174589525446374
20_69_3.0,32.97602305769021,0.2991116910104198,0.2996652241362722,38925.0,42912.0,2.0,1.0700001231000122
20_69_4.0,659.1058482184166,0.15872373858775707,0.09071408415396924,43128.0,4471700.0,2.0,0.1455630537471162
20_6_0.0,51.967140729967745,0.7273603476250234,0.1061397630680936,9792.0,242080.0,1.0,
20_70_0.0,513.9596186880194,0.6100505921816121,0.11558713173851602,9162.0,160280.0,1.0,
20_71_0.0,211.8520704410947,0.8480317364553235,0.08229422017802078,9738.0,36036.0,1.0,
20_71_1.0,36.1498736976146,1.0109365282833012,0.20860446143614805,36252.0,36342.0,2.0,-0.16290479182797768
20_72_0.0,64.50656609972452,0.4442598862959247,0.06441606356075834,9531.0,33507.0,1.0,
20_73_0.0,188.1798914124365,0.9422326538610676,0.07911957272358691,9189.0,22239.0,1.0,
20_74_0.0,604.9506495067147,0.5643414309208657,0.08533313997615644,9306.0,156370.0,1.0,
20_74_1.0,37.36127004905397,0.3696867487836762,0.08405918658693434,156470.0,158360.0,2.0,0.1946546821371896
20_74_2.0,276.5993928439629,0.5456744820407449,0.12550682044698894,158370.0,227840.0,2.0,-0.18346982159583344
20_74_3.0,40.369273572003216,1.0271538099819733,0.12674526088118604,227840.0,228060.0,2.0,-0.4739972396024639
20_75_0.0,702.5186422222589,0.16142165420330806,0.0955070800338138,15264.0,4471700.0,1.0,
20_76_0.0,263.59319114310847,0.7437230920883026,0.12057890727782458,10215.0,107430.0,1.0,
20_77_0.0,330.8195516280772,0.6171198453836774,0.11460473280619245,9459.0,160280.0,1.0,
20_78_0.0,329.6742856265405,0.6963774540732042,0.10284849129226067,9036.0,160390.0,1.0,
20_79_0.0,50.52879430804875,0.7580859596376693,0.06274727419132516,11313.0,35973.0,1.0,
20_7_0.0,350.3282626144547,0.7274618773361397,0.085548482227521,11142.0,34821.0,1.0,
20_80_0.0,482.46446066906753,0.5322037912016616,0.13411180492454336,13077.0,446000.0,1.0,
20_81_0.0,101.3069873591652,0.7244912335865601,0.0700508270141137,10377.0,17784.0,1.0,
20_81_1.0,41.650400926118344,0.9968968872518792,0.12280808602779175,17793.0,18594.0,2.0,-0.2724056536653192
20_82_0.0,373.85838947928687,0.59355495954488,0.1126378558892399,9414.0,156260.0,1.0,
20_83_0.0,373.85535379561685,0.5936284671940054,0.11354458789022505,9180.0,156260.0,1.0,
20_84_0.0,393.6023776506287,0.5319547611220018,0.10213478868772508,9081.0,158420.0,1.0,
20_85_0.0,115.55416428984465,0.6128261112039356,0.062257804900368315,9081.0,139890.0,1.0,
20_86_0.0,468.0125460816229,0.15469062650753854,0.08072136165250797,9072.0,4471700.0,1.0,
20_87_0.0,36.922085160839785,0.8894629067028523,0.1457257330956738,14103.0,17469.0,1.0,
20_87_1.0,406.1516949934111,0.1598190825228884,0.09578873431075922,17478.0,4471700.0,2.0,0.7400757682732582
20_88_0.0,54.53102542343834,0.8323571754155451,0.08635934516399471,9108.0,229990.0,1.0,
20_89_0.0,308.66645661319853,0.5382634749183418,0.12331897254071204,15327.0,158430.0,1.0,
20_8_0.0,549.7685157303991,0.3727566313947439,0.1269993566201215,9756.0,1653600.0,1.0,
20_90_0.0,398.5274913370729,0.14812638780496667,0.0839896458374393,9027.0,4471700.0,1.0,
20_91_0.0,342.30252731243013,0.7014278258211721,0.09498784632417187,9639.0,210560.0,1.0,
20_92_0.0,309.7204045023788,0.1546113012962415,0.09166330341747686,11925.0,4471700.0,1.0,
20_93_0.0,92.22552224398927,0.5303183085457962,0.10439389981015566,9000.0,258520.0,1.0,
20_94_0.0,297.14419836324817,0.6167636634125508,0.1144276690814879,9000.0,4975000.0,1.0,
20_95_0.0,46.163238932253925,0.5725891473611517,0.113950258653675,10062.0,156370.0,1.0,
20_96_0.0,36.23982274932774,0.3092217872321777,0.10028729719546013,12087.0,13158.0,1.0,
20_96_1.0,252.333230871488,0.8276762600078829,0.0903664669162354,13167.0,41130.0,2.0,-0.5184544727757054
20_96_2.0,47.76763420710783,1.2126135910168503,0.08984018466588874,41139.0,41544.0,2.0,-0.3849373310089672
20_96_3.0,36.33145830206157,0.4955980305872118,0.2579728859003356,41553.0,5324900.0,2.0,0.7170155604296385
20_97_0.0,2294.890815377008,0.1129489341531547,0.052666751409364464,9027.0,6483900.0,4.0,
20_98_0.0,93.94369397541234,0.4382829354311689,0.08972692499099369,13482.0,25803.0,1.0,
20_98_1.0,568.9170980099922,0.6983179309384041,0.10865639467304927,26046.0,94815.0,2.0,-0.26003499550723524
20_99_0.0,51.562240488465356,0.9483606308462448,0.13244650114740766,10332.0,10872.0,1.0,
20_99_1.0,54.45514424081726,1.2401762561831349,0.08171992648017075,10881.0,11475.0,2.0,-0.2918156253368901
20_99_2.0,41.07187718570212,0.5811548033076269,0.2437537034712855,11484.0,5240900.0,2.0,0.6590214528755078
20_9_0.0,150.98120845449463,0.7119223176888284,0.06849544650625036,9162.0,17028.0,1.0,
20_9_1.0,58.342998381969224,0.997849896235034,0.09843333143748352,17217.0,18972.0,2.0,-0.28592757854620565
20_9_2.0,53.47336570128794,0.5829685544829182,0.1276586303222777,19116.0,479840.0,2.0,0.4148813417521159
21_0_0.0,219.9083796736729,0.7140108256455662,0.06409254640781416,9144.0,173640.0,1.0,
21_0_1.0,51.587292614484994,0.42945376567496535,0.10668103166456336,173850.0,175900.0,2.0,0.2845570599706009
21_0_2.0,229.7301267111928,0.8300810540133677,0.17863933213624855,176080.0,301210.0,2.0,-0.3622132684232385
21_0_3.0,41.69464095270262,0.5465137178420804,0.09574660241782748,301840.0,321560.0,2.0,0.2451533162561235
21_0_4.0,85.15799034949167,0.7556237369717191,0.0829617694200626,321570.0,444620.0,2.0,-0.2091100191296389
21_0_5.0,281.74110616803813,0.34172791410696146,0.08500023856186296,444800.0,521500.0,2.0,0.4138958228647577
21_0_6.0,135.42278304762462,0.8421619013752845,0.10257766794318517,521500.0,563020.0,2.0,-0.5004339872683232
21_0_7.0,283.53373170882185,0.3580261564385349,0.11125992211220782,563790.0,596020.0,2.0,0.4841357449367497
21_0_8.0,86.5513511614888,0.8191401414295727,0.16012131530337534,596070.0,645610.0,2.0,-0.4611139849910378
21_0_9.0,266.5647387310491,0.5183044101438948,0.06932867605890285,645880.0,899120.0,3.0,0.2997022662597607
21_10_0.0,238.64192106739628,0.3154670142771417,0.07579243369741481,9702.0,521500.0,1.0,
21_11_0.0,896.7306763718839,0.6459774622305036,0.11621570027262362,9279.0,183450.0,1.0,
21_11_1.0,42.67747640330602,0.921581631944458,0.08260314651523727,183460.0,217970.0,2.0,-0.2791487819827815
21_11_2.0,53.11413046669198,0.4209901946686924,0.10073713484910876,218260.0,899120.0,3.0,0.4937873607163021
21_12_0.0,858.9191476309552,0.6419240562079308,0.1172411437852788,9153.0,183440.0,1.0,
21_13_0.0,148.56250452425638,0.6799555603605485,0.06778125787506342,11529.0,26316.0,1.0,
21_13_1.0,107.12232730894196,0.9701551981494304,0.06430101926081194,28026.0,559720.0,2.0,-0.2901996377888819
21_14_0.0,770.4814945882769,0.6341756535790329,0.12203074460637425,10548.0,183440.0,1.0,
21_15_0.0,275.32115346338287,0.7125551355111304,0.07548769387008132,9198.0,20889.0,1.0,
21_15_1.0,71.1507751920213,0.5269304269148408,0.07114798018566709,20952.0,44613.0,2.0,0.18562470859628974
21_15_2.0,86.00224693099872,0.9003068086207856,0.1553172948736354,44622.0,50166.0,2.0,-0.3733763817059449
21_16_0.0,322.54810221863124,0.5572723222920539,0.08515714833670529,9531.0,113740.0,1.0,
21_17_0.0,103.30027471475258,0.5798478300700809,0.10154254282876587,9018.0,13446.0,1.0,
21_17_1.0,45.92321058947486,0.829145656679395,0.09646490063974823,13500.0,14211.0,2.0,-0.2492978266093141
21_18_0.0,323.30212372629376,0.4862546692161269,0.06581649098008731,9324.0,41949.0,1.0,
21_18_1.0,43.440824154504966,0.959116259513667,0.10318552427869072,41958.0,645880.0,2.0,-0.4728615902975402
21_19_0.0,274.9577082854262,0.5501773542560746,0.07995046188645262,9846.0,113740.0,1.0,
21_1_0.0,149.38479392833514,0.7908621662877374,0.05064040894245934,9027.0,15822.0,1.0,
21_1_1.0,49.21171018525649,1.1356046368224242,0.09385673552869632,15831.0,193720.0,2.0,-0.3447424705346862
21_20_0.0,204.2166487447181,0.615308958648214,0.07326612113657822,9063.0,44622.0,1.0,
21_21_0.0,174.95246587503058,0.7173662931194301,0.09904444208187152,9306.0,23175.0,1.0,
21_21_1.0,244.24942576843574,0.8147183978382533,0.11745665681531935,23184.0,218300.0,3.0,-0.09735210471882337
21_2_0.0,435.0413668534877,0.8574486393868042,0.12145605926967015,11178.0,373660.0,1.0,
21_3_0.0,209.51535245442238,0.8799492356296643,0.07696324785265188,9027.0,13968.0,1.0,
21_3_1.0,53.19338613865037,1.1669657344640134,0.08076531830141306,13977.0,14067.0,2.0,-0.2870164988343491
21_3_2.0,140.42989494481,0.7074555971148199,0.12045501958210812,14076.0,444800.0,2.0,0.4595101373491934
21_4_0.0,362.1083136502825,0.8561220313712681,0.10344246869822987,9018.0,70560.0,1.0,
21_5_0.0,179.15340268921113,0.7931746612320546,0.08922037426674644,9027.0,301210.0,1.0,
21_6_0.0,192.01877275389992,0.7290421602611449,0.07899024558732695,10161.0,24687.0,1.0,
21_6_1.0,104.40704178017685,0.9034793170055876,0.11446279430476305,24696.0,68661.0,2.0,-0.19546133884542927
21_7_0.0,201.47600620063525,0.8017183359450983,0.09623329821877874,9513.0,373670.0,1.0,
21_8_0.0,297.5966535421207,0.8002960428350229,0.08214650051568935,9045.0,29250.0,1.0,
21_8_1.0,184.40292242865777,0.2964892516498437,0.07433978767327701,29277.0,521490.0,2.0,0.5038067911851787
21_9_0.0,79.711744110295,0.7829551306555097,0.12599130532729375,10296.0,10566.0,1.0,
21_9_1.0,101.98874468017306,0.9136686693042486,0.12794342794760474,10728.0,68661.0,2.0,-0.1680613835667344
22_0_0.0,252.67163879163536,0.6818651574403731,0.0990116162437065,13338.0,39699.0,1.0,
22_0_1.0,31.877438843775803,0.32032274854769416,0.06824024802512384,39708.0,52641.0,3.0,0.3589882735877198
22_1_0.0,87.79840625181221,0.5411637787049329,0.12333468775599525,9144.0,52641.0,4.0,
23_0_0.0,390.7568178256321,0.5769542655343254,0.11486249288216288,10449.0,73971.0,1.0,
23_0_1.0,89.36716154558609,0.3053086621263025,0.03914600833643519,74133.0,76356.0,3.0,0.2662938374498888
23_1_0.0,413.87247877318185,0.5367987206880839,0.13835059606461605,9054.0,75366.0,1.0,
23_1_1.0,31.914350432136146,0.2622585769724255,0.029775224885448374,75447.0,76356.0,3.0,0.26731509307749035
23_2_0.0,230.7411397125725,0.6864592322965892,0.10352137692923064,11106.0,60021.0,1.0,
23_3_0.0,184.0951192475365,0.3945056628816483,0.12798910360163787,9225.0,76356.0,4.0,
24_0_0.0,87.80624757199837,0.6582968353632822,0.1318279894373562,10449.0,14670.0,1.0,
24_0_1.0,46.990959025434705,0.8821273554346214,0.09591631407925454,14751.0,17793.0,2.0,-0.2238305200713393
24_0_2.0,230.41061687498868,0.568776107195265,0.13738772831175733,17910.0,40842.0,2.0,0.29328369459247783
24_0_3.0,50.78747136988734,0.9844546587311268,0.09234039748045678,40932.0,42399.0,2.0,-0.3956109978889831
24_0_4.0,276.17479508638667,0.6639616154494297,0.1136248332105979,43362.0,110740.0,2.0,0.32049304328169703
24_0_5.0,186.68894571421313,0.4114956194253629,0.06455014982442732,110900.0,140210.0,2.0,0.2524659960240667
24_0_6.0,89.83433552833824,0.8897984936408104,0.11774734391304405,140360.0,143070.0,2.0,-0.4783028742154475
24_0_7.0,274.9168580429088,0.31678842273324714,0.08337046021167162,143080.0,188360.0,3.0,0.5727754070725118
24_1_0.0,436.84174334591677,0.703998026062547,0.15530892589924125,9144.0,110610.0,1.0,
24_2_0.0,237.95163301636435,0.6540668750356786,0.08780801805614961,9054.0,11034.0,1.0,
24_2_1.0,134.49810860223653,0.3024869431343068,0.05530130790750305,11043.0,188360.0,3.0,0.3507198593489387
25_0_0.0,259.7820619018132,0.6840299345187556,0.0737724718528081,9198.0,27522.0,1.0,
25_0_1.0,242.46731544052815,0.3505206532877207,0.08398474840353573,27711.0,57546.0,3.0,0.3319039194517252
25_1_0.0,145.897544429121,0.29541464402258616,0.11871887950152775,11790.0,57546.0,4.0,
26_0_0.0,733.7764498210673,0.4945699028739515,0.10969606705836578,9252.0,126080.0,1.0,
26_0_1.0,47.15757704623179,0.7529131927383116,0.08366259224368655,126290.0,128940.0,2.0,-0.2583432898643603
26_0_2.0,344.8643704389045,0.4922068088067145,0.06768052008892697,129100.0,207140.0,2.0,0.26070638393159723
26_0_3.0,98.1697560473596,0.24043274194890324,0.1111961167361254,208190.0,238860.0,2.0,0.25177406685781123
26_0_4.0,90.17902993315168,0.4630614056237846,0.07079378980672701,238870.0,240620.0,3.0,-0.225242475148473
26_1_0.0,521.1054170991282,0.4699484022873175,0.10005692177233227,9000.0,125820.0,1.0,
26_2_0.0,304.4410735136041,0.4853925670599735,0.055131182370580456,9153.0,207140.0,1.0,
26_3_0.0,295.2304957691439,0.4997913672956821,0.06294525890887932,9162.0,207140.0,1.0,
26_4_0.0,104.20295433191949,0.7049103294132107,0.07424898853055599,9639.0,17055.0,1.0,
26_4_1.0,169.14927204392043,0.3902900803666304,0.11116366330769302,17883.0,240620.0,3.0,0.3116671603988078
27_0_0.0,164.55961157262863,0.5687366160891234,0.06294957655857449,9207.0,17172.0,1.0,
27_0_1.0,46.25427111897765,0.3017122026563997,0.07488506214882484,17226.0,36738.0,2.0,0.2670244134327235
27_0_10.0,82.08469601164589,0.5290332082255531,0.13626517333872154,668770.0,797040.0,2.0,-0.09570238878003512
27_0_11.0,348.4277803372866,0.2329287786403045,0.08920000040642496,797100.0,846680.0,3.0,0.29402154473563225
27_0_2.0,107.52370449208155,0.9101961025873992,0.15773974393974072,36774.0,41166.0,2.0,-0.6084838999309996
27_0_3.0,268.6037144712593,0.6111370252723876,0.0838891896736045,41373.0,67464.0,2.0,0.2990590773150119
27_0_4.0,209.54273026226966,0.8888929093270183,0.07666585759450588,67581.0,117090.0,2.0,-0.2777558840546308
27_0_5.0,137.4694435640603,0.633038677070155,0.05505290146487635,117670.0,131160.0,2.0,0.2558542322568631
27_0_6.0,119.92428409204427,0.7524045435451957,0.10225660155597564,131210.0,143500.0,2.0,-0.11936586647504065
27_0_7.0,189.57609176900363,0.6385521241028974,0.09904142249546276,144090.0,160660.0,2.0,0.11385241944229828
27_0_8.0,42.8391468951655,1.0484404259571976,0.10776088525633017,160670.0,660360.0,2.0,-0.4098883018543
27_0_9.0,67.90442489452403,0.4333308194455181,0.1556098891763424,660680.0,668670.0,2.0,0.6151096065116795
27_10_0.0,81.16854504876578,0.877033541701043,0.1011045889889965,9378.0,117670.0,1.0,
27_11_0.0,224.3222998184655,0.5590710846806464,0.067674724591994,13734.0,102890.0,1.0,
27_12_0.0,131.84199302620593,0.4367740661343888,0.09419362629710937,9810.0,496260.0,1.0,
27_13_0.0,144.99309973101464,0.6920276540551576,0.08836203078138499,9135.0,160670.0,1.0,
27_14_0.0,62.49428002460479,0.6673934945733183,0.09863871909154956,9666.0,117040.0,1.0,
27_1_0.0,389.38727189083033,0.5328325150149795,0.08480921793029958,9810.0,44712.0,1.0,
27_1_1.0,330.4252811665217,0.8992948464142271,0.08144071243194452,44721.0,51606.0,2.0,-0.3664623313992477
27_1_2.0,42.68645293278771,0.601931422917691,0.08647138755804512,51615.0,412890.0,2.0,0.2973634234965361
27_1_3.0,101.60529540980416,0.9112241153130212,0.07541563333205831,412900.0,425660.0,2.0,-0.3092926923953302
27_1_4.0,313.01726620850934,0.4871120835229962,0.09000077531958793,425670.0,496950.0,2.0,0.4241120317900252
27_1_5.0,44.849919153824366,1.031871448470561,0.14785569857157135,497020.0,660360.0,2.0,-0.5447593649475646
27_2_0.0,384.34481451544053,0.538862872949315,0.07984403577888224,10278.0,44712.0,1.0,
27_3_0.0,74.52518950000248,0.3727515826167957,0.06353981129484826,9027.0,36774.0,1.0,
27_4_0.0,84.69727593751517,0.8854239186553159,0.09213622843807556,15885.0,23904.0,1.0,
27_4_1.0,47.98793551965157,1.4216124834628034,0.13555435740627053,24147.0,24579.0,2.0,-0.536188564807487
27_4_2.0,181.47743816720364,0.6319140533683917,0.1356245517149182,25074.0,346200.0,2.0,0.7896984300944113
27_4_3.0,107.94313393035259,0.4647591155029299,0.0552040320433168,349810.0,412880.0,2.0,0.16715493786546187
27_5_0.0,48.57059500315504,0.8739136440174885,0.10814350782684344,9045.0,10764.0,1.0,
27_5_1.0,41.32914712789622,0.6285646776440178,0.07178168798694076,10845.0,23373.0,2.0,0.2453489663734707
27_5_2.0,43.98257307716954,0.8978455949889331,0.08947020328994433,23382.0,24723.0,2.0,-0.2692809173449152
27_5_3.0,235.3372645450484,0.6848172427102217,0.11211594614576943,24903.0,56394.0,2.0,0.2326403681788273
27_5_4.0,73.99782732330529,1.1060675767540016,0.113923042169673,56520.0,59454.0,2.0,-0.44086234994389584
27_5_5.0,206.68156259510064,0.5698084997936822,0.08802831201808017,59526.0,102890.0,2.0,0.5362590769603195
27_5_6.0,64.76723460761298,0.3685122282727769,0.07317391662387801,102990.0,121050.0,2.0,0.20129627152090526
27_5_7.0,42.49000441408869,0.7389655139407765,0.10654203644598917,121360.0,122730.0,2.0,-0.3704532856679996
27_6_0.0,50.38134420376933,0.9944534730225022,0.13539701083445502,9288.0,24066.0,1.0,
27_6_1.0,538.462762533513,0.6769691529719661,0.09703862062943316,24516.0,160670.0,2.0,0.31319016052354265
27_7_0.0,88.5498902038044,0.6660496665939369,0.0955376182625062,9252.0,23382.0,1.0,
27_8_0.0,388.02496851997176,0.7107812693134691,0.10055591639585112,9864.0,143500.0,1.0,
27_9_0.0,43.918644229985496,1.1249950586464827,0.1322967928110447,9009.0,9909.0,1.0,
27_9_1.0,213.06201617410068,0.8711282235680735,0.08569726191084764,10224.0,26901.0,2.0,0.2538668350784096
28_0_0.0,387.7291956214528,0.4984311307937957,0.10388741222317087,9054.0,83835.0,1.0,
28_0_1.0,413.76636539217753,0.19708275037827871,0.08258110358736855,84159.0,164590.0,2.0,0.3072317277245991
28_0_2.0,429.6676698872464,0.5015209780200427,0.07965381926089232,164610.0,253380.0,2.0,-0.3044382276417641
28_0_3.0,277.4844873840524,0.2914488190979372,0.07192430618708709,259680.0,302540.0,2.0,0.21007215892210573
28_0_4.0,172.51654016628055,0.4422190611734769,0.13355717568366582,302540.0,323270.0,3.0,0.2559380045299847
28_1_0.0,308.265785363155,0.4204159869372603,0.10878681274853516,9666.0,120570.0,1.0,
28_2_0.0,163.80889405144242,0.4886623087372602,0.05765110790115061,10242.0,83835.0,1.0,
28_3_0.0,143.14897864129716,0.4327626066843663,0.07063419645573242,9072.0,27747.0,1.0,
28_3_1.0,181.90206274994148,0.8592733574692213,0.10145995552235487,27756.0,39429.0,2.0,-0.4265107507848551
28_3_2.0,85.15675981837036,0.5375849766847821,0.0764604859972929,41355.0,253240.0,2.0,0.3216883807844393
28_4_0.0,77.3415531998509,0.41104147045861744,0.08247224682946565,10395.0,27738.0,1.0,
29_0_0.0,147.48873035159568,0.5737061630312377,0.08800525039786943,11817.0,29484.0,1.0,
29_0_1.0,134.49732209285048,0.7681909079646863,0.12884479001955593,29493.0,56889.0,2.0,-0.1944847449334487
29_0_2.0,432.20175942189417,0.4388287199097423,0.10348534337499113,56898.0,133550.0,2.0,0.32936218805494405
29_0_3.0,43.822055594802094,0.14188280180500878,0.08161797816220498,135010.0,139810.0,2.0,0.29694591810473353
29_0_4.0,169.1562809418727,0.5152424396447881,0.09436139163056352,139820.0,150120.0,3.0,-0.3745555978077282
29_1_0.0,181.53736487219646,0.677759595784145,0.11647637862138373,9009.0,21231.0,1.0,
29_1_1.0,229.1390418071377,0.3599017106066669,0.07847580923455827,23976.0,135050.0,2.0,0.3178578851774782
30_0_0.0,327.1477630172158,0.6832160444912451,0.10922169565211873,9081.0,48150.0,1.0,
30_0_1.0,37.11783209365033,0.4421334499360313,0.038488943555702926,48960.0,51912.0,3.0,0.2391665022380989
30_1_0.0,216.52207450503025,0.6966348727016228,0.09624001005076832,9639.0,48150.0,1.0,
30_1_1.0,37.11783209365033,0.4421334499360313,0.038488943555702926,48960.0,51912.0,3.0,0.251403637153079
31_0_0.0,56.70085435157321,0.6852123314316959,0.07593454940037205,11187.0,14346.0,1.0,
31_0_1.0,42.49327611962296,1.0884383162044449,0.1024999454602174,14355.0,15921.0,2.0,-0.4032259847727493
31_0_2.0,337.8090654297592,0.6688444023918293,0.1083313963211672,18612.0,52461.0,2.0,0.41467807102883936
31_0_3.0,178.75584589570587,0.8356239207528641,0.09343490343458308,52470.0,84213.0,2.0,-0.16186367557725834
31_0_4.0,358.37629580531615,0.5961781200445337,0.1099868515695396,104780.0,133310.0,3.0,0.2428381296468687
31_1_0.0,107.51896890748745,0.5740501887499929,0.08808886895964027,10062.0,16533.0,1.0,
31_1_1.0,150.90066051062146,0.8288073399063282,0.10640782455677804,16614.0,84213.0,2.0,-0.254757151156335
31_2_0.0,201.0632326588266,0.7530552957801746,0.0912970556912353,11511.0,105030.0,1.0,
32_0_0.0,379.44140504226783,0.7193694463076137,0.13015311105725647,9099.0,307660.0,1.0,
32_0_1.0,444.8939384375805,0.502053592840603,0.13177482244236435,308090.0,651220.0,2.0,0.21931757242253866
32_0_2.0,66.52013294382138,0.8268430895550104,0.09245669653395426,651230.0,655030.0,2.0,-0.3350958955662254
32_0_3.0,125.99623165956312,0.4734171299172432,0.06940884799622975,655040.0,719780.0,2.0,0.35342595963776724
32_0_4.0,290.12858996431095,0.5516169824800661,0.09711324737566923,719800.0,1020900.0,2.0,-0.07819985256282302
32_0_5.0,40.93333108251924,0.3648595381020598,0.07579995854705346,1027500.0,1030700.0,2.0,0.1867574443780064
32_0_6.0,258.0090065346253,0.7008562076082012,0.11514580536214795,1031100.0,1071500.0,2.0,-0.3359966695061413
32_0_7.0,61.36276819936488,0.2930901509468435,0.094767884891155,1071500.0,1102900.0,2.0,0.4077660566613576
32_0_8.0,192.8988247110016,0.4202788671163953,0.10432683259493176,1102900.0,1126300.0,3.0,-0.12968392873483936
32_10_0.0,147.3889858534417,0.4741984346045013,0.06129867903690232,9594.0,719780.0,1.0,
32_11_0.0,413.99001956900935,0.6159666575675808,0.12651421957967593,9819.0,1016600.0,1.0,
32_12_0.0,291.5248369520535,0.6312151259235674,0.11568721206230352,9108.0,1016600.0,1.0,
32_13_0.0,306.2331484461567,0.5024176204591838,0.09231800708212258,12609.0,1031100.0,1.0,
32_14_0.0,97.13652283477529,0.6734625469060477,0.1401500002609949,11196.0,1016000.0,1.0,
32_15_0.0,255.231738075283,0.7390792351492695,0.10226327591291808,9000.0,1071500.0,1.0,
32_16_0.0,89.76092357591742,0.3223784310708277,0.10343936683484517,9432.0,1102900.0,1.0,
32_17_0.0,225.865846648458,0.4235807503831281,0.10272375662880363,9126.0,1126300.0,4.0,
32_1_0.0,349.890596644025,0.5673357819175089,0.0625296814327381,9810.0,68796.0,1.0,
32_1_1.0,886.1068753689736,0.6680123484601008,0.11235131188708608,68805.0,1016000.0,2.0,-0.10067656654259216
32_2_0.0,323.5077224643126,0.5529332440071982,0.06734749234617725,9207.0,68796.0,1.0,
32_3_0.0,214.7960379694801,0.5543035106852277,0.07290282839897186,9999.0,68796.0,1.0,
32_4_0.0,140.95817262265132,0.5593332309946079,0.08936446740870135,13032.0,20070.0,1.0,
32_4_1.0,140.80081084366842,0.9759743276114368,0.1315943328498095,20079.0,40113.0,2.0,-0.4166410966168286
32_4_2.0,672.2111772616042,0.6179482649500783,0.0949441576125028,40428.0,1016600.0,2.0,0.3624246275149149
32_5_0.0,340.92460000580445,0.6393959504792796,0.09311215985739607,9054.0,649070.0,1.0,
32_6_0.0,258.01326077596104,0.6446440051459241,0.06878278692708675,9180.0,649070.0,1.0,
32_7_0.0,781.5470694153508,0.6285804742142324,0.09414798275752873,10008.0,1016600.0,1.0,
32_8_0.0,209.828995133358,0.8849942077665749,0.0719315543662555,9738.0,21600.0,1.0,
32_8_1.0,136.147034141903,0.4827168827686616,0.07233501098528951,33453.0,719780.0,2.0,0.4022773249979133
32_9_0.0,491.9319351851126,0.7106854586250317,0.09788347644677207,9036.0,994350.0,1.0,
33_0_0.0,747.2202331294427,0.3922182842711976,0.09052620985643213,9018.0,139820.0,1.0,
33_0_1.0,115.56746540550844,0.6664141443497915,0.07357271571820281,140150.0,159780.0,2.0,-0.279097222881731
33_0_2.0,106.12141161909821,0.4210436204033208,0.0875337334328729,159800.0,168360.0,3.0,0.24092733707340916
33_1_0.0,96.38427933703423,0.5760241620721942,0.05761096963678839,9396.0,17712.0,1.0,
33_2_0.0,158.2532248466344,0.5478882987046839,0.08266593537895275,9108.0,110520.0,1.0,
33_3_0.0,84.74689899029529,0.6958075823209023,0.07635569985643291,9837.0,159710.0,1.0,
38_0_0.0,530.7250348761576,0.7359857924057323,0.08172586401584604,9441.0,28098.0,1.0,
38_0_1.0,74.73746647937277,0.4072619897515688,0.08206315520051745,30573.0,49113.0,3.0,0.32584343215939954
39_0_0.0,444.8613523578505,0.5445639453897257,0.10146611012775374,9135.0,61605.0,1.0,
39_0_1.0,45.658952750063065,0.185510195149154,0.07582830759181151,62154.0,67068.0,3.0,0.34800341224015496
39_1_0.0,346.9092989217976,0.5267620048553319,0.1077543509461731,9108.0,62154.0,1.0,
40_0_0.0,589.9570848142454,0.8080086999961625,0.10848876722447956,9585.0,90414.0,1.0,
40_0_1.0,355.74812766327807,0.5209213925441606,0.0646341236099443,92214.0,101530.0,3.0,0.2792361114897301
40_1_0.0,556.9563611183198,0.8104773894889566,0.1104623570653242,9414.0,90414.0,1.0,
40_2_0.0,173.05809245357474,0.7126703835533271,0.07902983896957763,9360.0,71910.0,1.0,
40_3_0.0,60.97996762610818,0.6336257271193851,0.08187778630008134,10377.0,71901.0,1.0,
40_4_0.0,179.83678465964374,0.8279894935464391,0.112630470481926,9045.0,87966.0,1.0,
42_0_0.0,343.22280547235744,0.5781500286773877,0.06152547701910429,9000.0,85428.0,4.0,
42_1_0.0,301.7872927507646,0.6084831183887685,0.10477423249365024,12996.0,85428.0,4.0,
42_2_0.0,284.8985294846565,0.5667565644744288,0.05779386155925805,11322.0,85428.0,4.0,
42_3_0.0,218.110192723789,0.5509147528731504,0.05717231595476005,9927.0,85428.0,4.0,
42_4_0.0,70.78978712015201,0.5588794109989706,0.09050023347355626,9207.0,85428.0,4.0,
43_0_0.0,559.956561297305,0.7914289438076583,0.11879992090572335,9198.0,129950.0,1.0,
43_0_1.0,404.2768299808649,0.5461716935095001,0.07662667332474989,129960.0,165300.0,3.0,0.2552733460157256
43_1_0.0,78.44933540649023,0.6942122179043712,0.09794981053466352,9252.0,116870.0,1.0,
43_2_0.0,539.0351431248828,0.5966168880709221,0.1216304462049374,9720.0,165300.0,4.0,-0.2617072523440691
44_0_0.0,311.35532980123736,0.4990468253976135,0.09785380350865333,14112.0,61146.0,1.0,
44_0_1.0,106.27612162953336,0.2527462371978065,0.04204801596578155,61533.0,67977.0,3.0,0.2454958543820565
44_1_0.0,343.8523762235293,0.3918362924622491,0.11662267846706573,10836.0,67977.0,4.0,
6_0_0.0,773.9661946243688,0.626599738830553,0.10862938166633716,9603.0,199550.0,1.0,
6_0_1.0,241.21714950722992,0.510919250943167,0.1026179493586635,199790.0,510160.0,2.0,0.12697972142844394
6_0_2.0,3838.8847146738426,0.1198333977134621,0.06006509345384325,510260.0,3596400.0,3.0,0.38361575826612665
6_10_0.0,533.9919659413796,0.3821075657719918,0.10009208123160053,13167.0,343040.0,1.0,
6_11_0.0,455.2484253380883,0.4227193778114448,0.07481634284856382,9009.0,339320.0,1.0,
6_12_0.0,110.27519201829752,0.4511820713549121,0.07111768571847392,10017.0,107650.0,1.0,
6_13_0.0,566.2801067360334,0.21127833596037054,0.07519453424388617,10440.0,368660.0,1.0,
6_14_0.0,53.928753093841664,0.6905984351139216,0.07513614225858056,9702.0,12042.0,1.0,
6_14_1.0,3806.124188633478,0.12076817576194165,0.06214753976340196,12051.0,3596400.0,3.0,0.5698761531682276
6_15_0.0,298.1325225771465,0.5505859796000341,0.10701639394144584,9198.0,67734.0,1.0,
6_15_1.0,226.52236081571843,0.19127013249677008,0.06320238453919776,67752.0,103610.0,2.0,0.35931584710326403
6_15_2.0,325.20498845806475,0.3254727932572625,0.1346770349673603,103660.0,1434900.0,2.0,-0.1342026607604924
6_16_0.0,292.78195432078644,0.4957245324984705,0.09303580249950837,11367.0,70353.0,1.0,
6_17_0.0,231.4909072463958,0.1864652841651009,0.059236378813750615,9000.0,103610.0,1.0,
6_18_0.0,255.04751449569574,0.6696545544392556,0.11140859050295668,12294.0,50094.0,1.0,
6_18_1.0,303.4047212842081,0.2839719016111785,0.09336549920733546,51012.0,1435200.0,2.0,0.3856826528280772
6_19_0.0,96.88167780072132,0.6898712606499705,0.06410035813483694,9972.0,14922.0,1.0,
6_19_1.0,46.07771007854357,0.8829221954504054,0.09797130426447896,14931.0,37206.0,2.0,-0.1930509348004349
6_1_0.0,764.9697139016984,0.6273719823724847,0.1127157168160485,9000.0,199550.0,1.0,
6_20_0.0,271.7812903336703,0.6190303405989719,0.07365700573379311,14832.0,210080.0,1.0,
6_21_0.0,32.676295206060125,0.6331688847047536,0.07079533113554767,14319.0,16920.0,1.0,
6_21_1.0,37.446724013849646,0.9600548007346372,0.11403039473896365,16929.0,19332.0,2.0,-0.3268859160298836
6_21_2.0,3284.953782096124,0.11897418628563255,0.06221058752512496,20412.0,3596400.0,3.0,0.8411317954502694
6_22_0.0,107.37396697895413,0.6585709646942581,0.06558950200684682,9162.0,1165000.0,1.0,
6_23_0.0,279.9750154314436,0.28877174604549105,0.11325960418585188,9360.0,1435200.0,1.0,
6_24_0.0,3140.6537324758533,0.12094243598609306,0.0675254940346096,9414.0,3596400.0,4.0,
6_25_0.0,362.0648771070049,0.6012356525434035,0.06847926839023694,9342.0,33921.0,1.0,
6_25_1.0,2636.393121280996,0.11647728250238172,0.05624282288190032,33930.0,3596400.0,3.0,0.4848190975246792
6_26_0.0,63.75123740027573,0.7561855050109644,0.0909497013890131,9432.0,14931.0,1.0,
6_26_1.0,81.53527446970385,0.4872155816912162,0.08455190887186739,14940.0,25209.0,2.0,0.268969923319748
6_27_0.0,354.5451349722697,0.7132032934502273,0.052665959767134,10125.0,57312.0,1.0,
6_27_1.0,2591.3034741779425,0.11785136238516315,0.05677148441901941,57321.0,3596400.0,3.0,0.5954155430613235
6_28_0.0,255.94713073959247,0.7437783982059758,0.08450706819834336,9369.0,57303.0,1.0,
6_29_0.0,94.68853408439169,0.7409618965505552,0.05672937155959459,9036.0,12177.0,1.0,
6_29_1.0,2690.1822101490675,0.1278785521586544,0.07086652847289923,12186.0,3596400.0,3.0,0.6154171216333657
6_2_0.0,954.7334679155854,0.5643421257927673,0.0991248947127504,9603.0,238360.0,1.0,
6_30_0.0,188.33842805269887,0.727889730921278,0.08591548338399048,12276.0,28863.0,1.0,
6_31_0.0,134.4499198868331,0.5516457682020429,0.1025643552349117,9288.0,12195.0,1.0,
6_32_0.0,79.22401228396075,0.3615550240843527,0.09320661703577937,9099.0,1535000.0,1.0,
6_33_0.0,351.547788502192,0.7665616717385672,0.07635294486618548,9450.0,23850.0,1.0,
6_33_1.0,2349.9237070039967,0.1193268790638427,0.0635602310379598,23859.0,3596400.0,3.0,0.6473072906473786
6_34_0.0,167.5726349736626,0.7207200503141522,0.057367057201455726,9819.0,20331.0,1.0,
6_34_1.0,89.00287859776225,0.3123404178578197,0.11759719337690085,20790.0,2094600.0,2.0,0.4083796324563324
6_35_0.0,296.9982632765426,0.6960014309971708,0.060481326033188385,9207.0,43146.0,1.0,
6_36_0.0,223.67193791177243,0.6910183817826663,0.0529329403794179,9054.0,43146.0,1.0,
6_37_0.0,170.59184276807375,0.33433094937075675,0.07208031896002401,9144.0,25551.0,1.0,
6_37_1.0,187.4391429853259,0.5469597400848494,0.08004177823808999,25614.0,55323.0,2.0,-0.21262879071409266
6_37_2.0,98.8716281401505,1.1304717523663763,0.15504485245615127,55413.0,56052.0,2.0,-0.5641005591127465
6_37_3.0,36.83692033367571,0.6060134459910118,0.17711343170719818,56061.0,2360800.0,2.0,0.505046853206584
6_38_0.0,110.3757311280646,0.8040583397215857,0.09449195849412467,10818.0,14184.0,1.0,
6_39_0.0,295.28442876873663,0.5589432544014761,0.07583266289022571,10152.0,55323.0,1.0,
6_3_0.0,863.0767769688863,0.5574493618565179,0.10403939349962626,9099.0,510160.0,1.0,
6_40_0.0,192.4256268388136,0.8162382854533957,0.10126386436733244,9000.0,21627.0,1.0,
6_40_1.0,62.69986519169914,1.0466619564359665,0.060130420010449465,21636.0,64323.0,2.0,-0.2304236709825709
6_40_2.0,2096.69153339306,0.11944132412832452,0.07105314164511392,64854.0,3596400.0,3.0,0.9273019257093644
6_41_0.0,233.57916694586567,0.8568120922601298,0.09489514054800577,11655.0,65565.0,1.0,
6_42_0.0,221.44450212759202,0.8274474264637939,0.10620760793957372,9837.0,65565.0,1.0,
6_43_0.0,506.7693209024529,0.7450258987079511,0.06473219312011633,9000.0,107590.0,1.0,
6_44_0.0,425.3264562367044,0.6770660809010339,0.07280464169405551,10152.0,117330.0,1.0,
6_45_0.0,613.7098528022966,0.6052869613572373,0.08290281220620489,9729.0,170770.0,1.0,
6_45_1.0,1592.5462961769485,0.10697282004479086,0.03875382125906788,170780.0,3596400.0,3.0,0.4950128126648365
6_46_0.0,403.6024750640197,0.7657186176526861,0.10467173132952397,11277.0,91917.0,1.0,
6_46_1.0,214.84698275732612,0.5441288526533403,0.0610593288709756,92394.0,170780.0,2.0,0.2215897649993459
6_47_0.0,35.482687295340355,0.8383775274421476,0.16922758057615042,9486.0,10386.0,1.0,
6_48_0.0,316.22102837790834,0.8061195886755909,0.08117960646263471,10728.0,91854.0,1.0,
6_49_0.0,285.9468879207285,0.8007033864019548,0.07871796263610549,9198.0,91854.0,1.0,
6_4_0.0,331.94213163266437,0.6311808758910632,0.07774035706745783,10782.0,94581.0,1.0,
6_4_1.0,681.5190937767368,0.29279064342055305,0.12547384405820186,95139.0,368790.0,2.0,0.3383902324705099
6_4_2.0,99.53902296287035,0.9619273276587312,0.13471942577752305,368900.0,369080.0,2.0,-0.6691366842381783
6_4_3.0,3427.0267178550353,0.1212776601813645,0.06546367735370909,369880.0,3596400.0,3.0,0.8407010600914737
6_50_0.0,258.67200098590536,0.7858797823616849,0.07872513757228998,9864.0,107580.0,1.0,
6_51_0.0,236.789025609323,0.7676371868384942,0.08973301336715989,10719.0,91917.0,1.0,
6_52_0.0,116.50586766385605,0.39145554103278174,0.059580583604495724,10440.0,32778.0,1.0,
6_52_1.0,47.116506856346255,0.7388564425331726,0.08312464001186876,34758.0,35100.0,2.0,-0.3474009015003909
6_52_2.0,1850.6193921288186,0.1083113415954995,0.047653196094414735,35361.0,3596400.0,3.0,0.6306155275619246
6_53_0.0,78.5958478333543,0.30882988469800354,0.07510083057518074,9720.0,32778.0,1.0,
6_54_0.0,394.04833742695536,0.5803697646662564,0.06829274628083729,9315.0,170770.0,1.0,
6_55_0.0,101.27698859831095,0.6788610956303817,0.07531265132937771,9018.0,2652200.0,1.0,
6_56_0.0,1737.2489321361975,0.10571246376562042,0.03882649502615673,9009.0,3596400.0,4.0,
6_57_0.0,48.848917879816554,0.6067562382096989,0.1058193783749782,12564.0,14004.0,1.0,
6_58_0.0,262.9287977151198,0.5104274784845609,0.06694104917921281,9495.0,2941300.0,1.0,
6_59_0.0,356.2147132243879,0.5830573951627139,0.09091913854333776,9918.0,75735.0,1.0,
6_59_1.0,147.76234114899853,0.3942069970760455,0.07760515551118426,78597.0,88677.0,2.0,0.1888503980866687
6_59_2.0,92.70540018184592,0.6801439953188586,0.0762869183693904,88974.0,91665.0,2.0,-0.2859369982428133
6_59_3.0,1106.0926457079063,0.11293047167724073,0.05484827576257476,91782.0,3596400.0,3.0,0.5673438766433954
6_5_0.0,238.6732353047567,0.5943174022779629,0.07953968865237895,11529.0,95139.0,1.0,
6_60_0.0,273.3812492052456,0.7271270893021003,0.09896106348913557,11538.0,39474.0,1.0,
6_60_1.0,53.93641094263655,0.431927899777473,0.0882011016377629,39726.0,3037100.0,2.0,0.29519918952462776
6_61_0.0,253.1910846409243,0.5982858890012734,0.10267459210587596,9504.0,75735.0,1.0,
6_62_0.0,235.95311138594826,0.6640259010890993,0.11149367507612716,12546.0,40212.0,1.0,
6_63_0.0,1543.0073365513144,0.10584350262161572,0.03624138885224983,10152.0,3596400.0,4.0,
6_64_0.0,93.60167568520941,0.6949496579538836,0.08836068933929069,9990.0,19998.0,1.0,
6_64_1.0,54.15866051226293,1.2878794744331392,0.1837176476231968,20007.0,20772.0,2.0,-0.5929298164792556
6_64_2.0,1403.5115906401295,0.11265203116038545,0.06980392862713097,21132.0,3596400.0,3.0,1.1753301211132734
6_65_0.0,90.5162465728069,0.7120318066177441,0.0618692943893273,10368.0,13185.0,1.0,
6_65_1.0,1441.158706882737,0.1070778636238138,0.04269460372169341,13194.0,3596400.0,3.0,0.6050405601387281
6_66_0.0,112.33225220431791,0.7898547091144918,0.12702520359369707,9090.0,17955.0,1.0,
6_66_1.0,1248.2742316476974,0.10660470842521194,0.04716475308273875,18252.0,3596400.0,3.0,0.6833486706086991
6_67_0.0,271.17261308620084,0.7672254679287714,0.1141902784523467,9018.0,43002.0,1.0,
6_67_1.0,1102.891452468695,0.11269562765328248,0.058977247093879234,43119.0,3596400.0,3.0,0.6654843803476433
6_68_0.0,62.92003260417552,0.6631219103422719,0.07738215673731805,10674.0,12555.0,1.0,
6_68_1.0,1224.19432211345,0.10666709553581508,0.044314106769611436,12564.0,3596400.0,3.0,0.5565553544590963
6_69_0.0,259.2664167161134,0.6173873067084449,0.09221532149522413,9063.0,38943.0,1.0,
6_69_1.0,1004.0470433382487,0.11859723862608867,0.06076957098394839,39330.0,3596400.0,3.0,0.4989525474668874
6_6_0.0,865.7967881316583,0.2822081217414404,0.12139293446863715,9585.0,368790.0,1.0,
6_70_0.0,105.82967289117744,0.6832928989747269,0.06568664307640881,9009.0,16668.0,1.0,
6_70_1.0,851.64295764529,0.11208931544783632,0.04931158530293107,16677.0,3596400.0,3.0,0.5713666803073559
6_71_0.0,86.63495568246887,0.5049124246805111,0.08100233074962067,9378.0,15804.0,1.0,
6_71_1.0,747.1597698962203,0.10287574047832827,0.03941191674064453,15813.0,3596400.0,3.0,0.4021794002174845
6_72_0.0,716.5649835729895,0.1045198856923596,0.03902303586585345,9117.0,3596400.0,4.0,
6_73_0.0,50.85317739772589,0.3826591223368947,0.11266544133985144,9018.0,10791.0,1.0,
6_74_0.0,53.56194845440928,0.6239162705465453,0.10969067392151026,10062.0,12258.0,1.0,
6_74_1.0,588.9285273333559,0.10520133027624162,0.05080861111527255,12267.0,3596400.0,3.0,0.5189098715602706
6_75_0.0,53.53373008790294,0.6236836433555714,0.07511223207099252,9036.0,14463.0,1.0,
6_75_1.0,528.9705133540616,0.10534975511469047,0.052210674647054575,14472.0,3596400.0,3.0,0.5185524142925113
6_76_0.0,69.16380016061711,0.4108024847689912,0.08262272513262388,9153.0,11709.0,1.0,
6_77_0.0,251.95737247550332,0.08722244325569051,0.03522059999293982,10107.0,3596400.0,4.0,
6_7_0.0,143.4347618116787,0.6617522813266188,0.11362684321870667,10224.0,94572.0,1.0,
6_8_0.0,775.8523864836508,0.2471669771617667,0.0905125822123467,9819.0,368660.0,1.0,
6_9_0.0,747.9710026297365,0.24540290291550504,0.09159863315127197,9711.0,368660.0,1.0,
8_0_0.0,461.6889012416854,0.5943910456241889,0.13647712217622465,10404.0,91422.0,1.0,
8_1_0.0,128.82398009208632,0.7685621257337771,0.1098567444937549,9045.0,14445.0,1.0,
8_2_0.0,144.95742753179226,0.7716018461002115,0.10378192566415548,9144.0,17505.0,1.0,
8_2_1.0,170.02801793301427,0.4836494348936539,0.09081633417757,17514.0,785760.0,2.0,0.2879524112065576
8_3_0.0,349.211208668015,0.6786274081014924,0.12267125156192507,9792.0,877860.0,4.0,0.2631224432992989
8_4_0.0,281.5066178673985,0.6523335958421935,0.11708550009950243,13239.0,877860.0,4.0,
9_0_0.0,4845.238963994038,0.18629324366437686,0.08903854424739234,9252.0,4426100.0,1.0,
9_0_1.0,634.4818759308008,0.16596994996355893,0.077017694808084,4426100.0,4803000.0,2.0,0.020492332133229457
9_0_2.0,454.98017326068117,0.1876438995108709,0.0886559614921675,4803000.0,4949300.0,2.0,-0.02167394954731186
9_0_3.0,71.86796846816898,0.6740182075418092,0.14264751007302692,4949900.0,4952500.0,3.0,-0.4957841089418523
9_100_0.0,186.6050608204833,0.848147151479421,0.1112430430905421,9963.0,32814.0,1.0,
9_100_1.0,263.55803083853,0.16206676760987965,0.0795987608619856,32832.0,4803000.0,2.0,0.6860803838695413
9_101_0.0,166.3940110508022,0.7940868125895887,0.07588454942330455,9801.0,119190.0,1.0,
9_102_0.0,57.36191631661816,0.8706452850856877,0.09067667510939234,9747.0,12186.0,1.0,
9_102_1.0,46.722611197784566,1.2013734592841383,0.08007793324013728,12195.0,13293.0,2.0,-0.3307281741984505
9_102_2.0,31.45458796786313,0.4560539047731589,0.2993225843980703,13536.0,4751600.0,2.0,0.7453195545109792
9_103_0.0,279.0405072569684,0.6325714296653234,0.08951211022458673,9144.0,50337.0,1.0,
9_104_0.0,89.00413481453134,0.192274200666122,0.06768710721789573,10782.0,4803000.0,1.0,
9_105_0.0,441.99407492331414,0.1698694012013739,0.056846992500835185,11268.0,4949300.0,1.0,
9_10_0.0,4291.74898113231,0.1805956696781292,0.08392148094495352,11142.0,4426100.0,1.0,
9_11_0.0,4275.309893558144,0.1835898374993873,0.09535010823681453,9423.0,4426100.0,1.0,
9_12_0.0,122.21683607142887,0.4610619257248822,0.07269910279750688,10665.0,27585.0,1.0,
9_12_1.0,42.97157375755948,0.7403841902184589,0.1033388156973191,27594.0,207480.0,2.0,-0.2793222644935767
9_13_0.0,220.1816227123288,0.47710207075784006,0.07330592889227,9063.0,35082.0,1.0,
9_13_1.0,49.00750591931795,0.808328573786145,0.09026390273541647,35091.0,37818.0,2.0,-0.3312265030283047
9_13_2.0,3964.358515950804,0.16574818497997745,0.06455219104040705,37827.0,4426100.0,2.0,0.6425803888061675
9_14_0.0,81.06635408521718,0.42722221381555786,0.14786482251267138,9342.0,1516900.0,1.0,
9_15_0.0,4168.892368426877,0.17437449279189696,0.07495497433813535,12249.0,4426100.0,1.0,
9_16_0.0,35.485342079088994,0.5685390826076496,0.1675722745862007,9738.0,1533500.0,1.0,
9_17_0.0,4062.830157866952,0.16940380743133512,0.06861088560789899,12537.0,4426100.0,1.0,
9_18_0.0,4034.7596327855135,0.16753287308732134,0.06445923828710479,14571.0,4426100.0,1.0,
9_19_0.0,226.65695704055767,0.8267802308721488,0.08875951041092191,9639.0,44991.0,1.0,
9_19_1.0,3526.149125540491,0.15419260285069586,0.05470199216637385,45000.0,4426100.0,2.0,0.672587628021453
9_1_0.0,806.9846563857278,0.4112866362361229,0.120934187669859,9486.0,1965100.0,1.0,
9_20_0.0,298.20719716464896,0.6044762150928588,0.1064638329224932,9027.0,59427.0,1.0,
9_20_1.0,224.02379606701385,0.7648064611398643,0.1149194705802349,59436.0,103910.0,2.0,-0.16033024604700585
9_20_2.0,3201.8004307479628,0.15112725414633618,0.05423972711258946,103920.0,4426100.0,2.0,0.6136792069935286
9_21_0.0,35.970820265000526,0.9750219926474986,0.10424089518418436,10980.0,11115.0,1.0,
9_22_0.0,67.4894128172077,0.7212122685807072,0.0850914011674168,10116.0,11898.0,1.0,
9_22_1.0,69.53131228727878,1.1330643170061758,0.1141456564503936,11907.0,12465.0,2.0,-0.4118520484254683
9_22_2.0,35.092341754159605,0.3874424761382339,0.22530327606317604,12717.0,2101800.0,2.0,0.7456218408679417
9_23_0.0,311.3487307108892,0.7683634504019261,0.10030740801662226,9234.0,103910.0,1.0,
9_24_0.0,100.80620891711723,0.7116652916728208,0.09611378142489338,13374.0,59463.0,1.0,
9_25_0.0,145.7133454213834,0.9995911234981416,0.12694982828850987,9009.0,15732.0,1.0,
9_25_1.0,43.203462975356906,0.6726143140545056,0.08770512403674602,15795.0,16470.0,2.0,0.3269768094436356
9_25_2.0,3284.1722235837847,0.15185817378134334,0.0525900048377036,16479.0,4426100.0,2.0,0.5207561402731624
9_26_0.0,191.82100160470074,0.8404084527731017,0.0720192717045442,9144.0,29448.0,1.0,
9_26_1.0,3259.3734238965235,0.15277786507354815,0.057358329393904985,29457.0,4426100.0,2.0,0.6876305876995537
9_27_0.0,124.04870840503814,0.6973929697280308,0.0922538644467372,9135.0,31077.0,1.0,
9_27_1.0,265.58582378391253,0.38278519174195735,0.09155778351029346,31266.0,89550.0,2.0,0.3146077779860733
9_27_2.0,44.76484965680354,0.6308364687088349,0.09079649127937013,89631.0,91359.0,2.0,-0.2480512769668776
9_27_3.0,2941.6052010035582,0.14869261511080265,0.055481420646445394,91647.0,4426100.0,2.0,0.4821438535980325
9_28_0.0,221.38285922052955,0.4516095786747295,0.10998391863936564,9180.0,68652.0,1.0,
9_29_0.0,361.0355983679565,0.3914100566981207,0.07998392405758104,10971.0,89550.0,1.0,
9_2_0.0,331.8919997440059,0.5729834299434008,0.08103879065047581,10170.0,1445600.0,1.0,
9_30_0.0,117.2069992124453,0.7347573430611241,0.0877346138546851,10242.0,103920.0,1.0,
9_31_0.0,285.5262545499152,0.4886236147622334,0.060663208963671285,9000.0,10629.0,1.0,
9_31_1.0,3012.5098751756177,0.14700453397222318,0.05069366241467842,10638.0,4426100.0,2.0,0.34161908079001
9_32_0.0,395.57423049125254,0.3883468134989019,0.10855311240814683,11187.0,2457900.0,1.0,
9_33_0.0,363.6345376153865,0.3869407941068306,0.07889932675261571,15570.0,145380.0,1.0,
9_34_0.0,110.9664740486826,0.6839777663569641,0.11176649101375516,9027.0,19710.0,1.0,
9_34_1.0,73.18879562906453,0.3698621065604225,0.0735416436872787,20169.0,24444.0,2.0,0.31411565979654155
9_34_2.0,46.80880788810293,0.9833464242993634,0.15634601832115386,24453.0,25974.0,2.0,-0.6134843177389409
9_34_3.0,2956.8507945683314,0.1487709648296499,0.05965251499287112,26145.0,4426100.0,2.0,0.8345754594697136
9_35_0.0,300.1488003462541,0.6060343190744356,0.10981894981523857,10296.0,45522.0,1.0,
9_35_1.0,2692.74693523501,0.1452561127192406,0.052753428518463694,46692.0,4426100.0,2.0,0.4607782063551954
9_36_0.0,2955.4416802132423,0.1459208425541983,0.05063542925748765,14148.0,4426100.0,1.0,
9_37_0.0,267.8069183098583,0.5434595874987137,0.13046591233540414,13032.0,46710.0,1.0,
9_38_0.0,265.88709388963133,0.5464175176601502,0.12368929911610707,10665.0,2735900.0,1.0,
9_39_0.0,112.25863102153136,0.7517384659412142,0.11956428241455452,9459.0,10737.0,1.0,
9_39_1.0,2738.598550958333,0.1464134036563613,0.054056371102944575,10746.0,4426100.0,2.0,0.605325062284853
9_3_0.0,4485.538850545379,0.18922375500781285,0.09348487214753873,9000.0,4426100.0,1.0,
9_40_0.0,256.9378897809439,0.7122396251260348,0.07666393680947732,9513.0,27891.0,1.0,
9_40_1.0,2570.7439699609995,0.14612001296141267,0.05621691895730095,28062.0,4426100.0,2.0,0.5661196121646218
9_41_0.0,2803.8808376750258,0.1451862563811447,0.05058228984823149,9036.0,4426100.0,1.0,
9_42_0.0,53.188602841206105,0.474582150441089,0.1061187758292101,9405.0,14436.0,1.0,
9_42_1.0,272.9415459622764,0.7005150546834077,0.0977057734016675,14445.0,66636.0,2.0,-0.2259329042423185
9_42_2.0,86.46160879482878,0.4204115683362227,0.07924331771752231,66879.0,100400.0,2.0,0.2801034863471848
9_42_3.0,44.50370737294193,0.8100422484009767,0.0811306511516002,100480.0,100810.0,2.0,-0.3896306800647538
9_42_4.0,2346.7990048815977,0.14513642804929927,0.058514961886633625,100820.0,4426100.0,2.0,0.6649058203516772
9_43_0.0,2752.726856643069,0.14538675050896746,0.05104638835427185,9072.0,4426100.0,1.0,
9_44_0.0,47.82689326770579,0.9280823836379088,0.1187633782283177,12771.0,13311.0,1.0,
9_44_1.0,239.82683640427842,0.7361097587152765,0.08485606778687146,13320.0,66312.0,2.0,0.19197262492263206
9_45_0.0,296.009626626648,0.7244711941248425,0.07650818125393072,9549.0,25884.0,1.0,
9_45_1.0,57.08242009426819,0.4447090581567004,0.08070978255252323,25893.0,100400.0,2.0,0.2797621359681422
9_46_0.0,56.264891974908856,0.6378021885441976,0.10141940210188924,15903.0,17703.0,1.0,
9_46_1.0,2639.38123158743,0.145881951072896,0.054086237310252284,17712.0,4426100.0,2.0,0.4919202374713015
9_47_0.0,205.6237457139149,0.7265786203788148,0.09028225236756708,9000.0,66312.0,1.0,
9_48_0.0,2644.619370516509,0.1443049195953532,0.05166143714274445,12636.0,4426100.0,1.0,
9_49_0.0,72.25981649036096,0.8037607567098736,0.06945077682501079,9000.0,12456.0,1.0,
9_49_1.0,2492.1334943963698,0.14522914356002314,0.05622815954348149,12465.0,4426100.0,2.0,0.6585316131498504
9_4_0.0,286.5724509326477,0.5657870266093721,0.08306034198111346,9090.0,1445600.0,1.0,
9_50_0.0,2427.5698001380842,0.14424548163092166,0.053731356752308286,9945.0,4426100.0,1.0,
9_51_0.0,116.48139726306923,0.8047795995607964,0.06345624360548993,10611.0,19485.0,1.0,
9_51_1.0,2257.8199142058434,0.1466078875317796,0.06104317486390365,19494.0,4426100.0,2.0,0.6581717120290167
9_52_0.0,117.95344770352396,0.4736459702088309,0.09631540657506436,9990.0,30906.0,1.0,
9_52_1.0,2225.9942603814493,0.14380003446509865,0.05494144868704397,31005.0,4426100.0,2.0,0.32984593574373233
9_53_0.0,97.19456467492815,0.7823773341817967,0.12639200067036707,9684.0,20367.0,1.0,
9_53_1.0,132.8479754938416,0.5207932852842893,0.09990996910210892,20646.0,30501.0,2.0,0.2615840488975075
9_53_2.0,78.34152265891925,0.9274071938353466,0.1035065773880914,30510.0,65142.0,2.0,-0.4066139085510577
9_53_3.0,429.89049517995517,0.3630713393525167,0.1637811440851482,65151.0,217640.0,2.0,0.5587065518365133
9_53_4.0,1598.479374394827,0.14231373549821175,0.06428649482172014,217650.0,4426100.0,2.0,0.2263869065006219
9_54_0.0,52.41358674222235,0.899505032085534,0.06171719418482,11772.0,12735.0,1.0,
9_54_1.0,36.50719395082085,1.2757473267928134,0.11661561979650213,12744.0,12825.0,2.0,-0.3762422947072797
9_54_2.0,33.92790153510026,0.4473372450212023,0.2614687838220879,12834.0,14184.0,2.0,0.8284100817716114
9_54_3.0,2175.019943663176,0.14355418828406322,0.05566118204659359,15894.0,4426100.0,2.0,0.30378305673713896
9_55_0.0,53.57584233618928,0.5730897865635566,0.08446542818327261,9126.0,17811.0,1.0,
9_55_1.0,47.93752597665705,0.8713947302092897,0.08909253524042622,17820.0,19620.0,2.0,-0.2983049436457331
9_55_2.0,67.48672369870988,0.5669744975924441,0.08352884726710731,19629.0,28611.0,2.0,0.3044202326168456
9_55_3.0,98.61257229841513,0.9495856450718329,0.09144272293970968,28620.0,65142.0,2.0,-0.3826111474793886
9_56_0.0,2249.5453162942913,0.14585720457946594,0.05798733418579617,10440.0,4426100.0,1.0,
9_57_0.0,363.3728276364725,0.625073475148792,0.11174946616315136,9189.0,110000.0,1.0,
9_58_0.0,40.681442057691946,0.7253909382340217,0.0924927721446076,14715.0,14949.0,1.0,
9_58_1.0,2130.79293050559,0.14501570262657312,0.059454769530748436,14958.0,4426100.0,2.0,0.5803752356074485
9_59_0.0,268.4980636386665,0.5370313944577015,0.10524269707304323,9558.0,163970.0,1.0,
9_5_0.0,4444.553632393444,0.1894800628908045,0.09448368365936616,9504.0,4426100.0,1.0,
9_60_0.0,275.1454498474516,0.5209442782272032,0.09299638606915896,13383.0,164480.0,1.0,
9_61_0.0,326.3307125427001,0.4848826900904324,0.09994738070570937,15318.0,198850.0,1.0,
9_62_0.0,2054.300832276282,0.1430141351799469,0.057123030079344835,10584.0,4426100.0,1.0,
9_63_0.0,142.64509909384398,0.8004176895684258,0.12754244176755014,11889.0,28566.0,1.0,
9_63_1.0,1903.5037234592705,0.14537526667722758,0.06788685896644449,28701.0,4426100.0,2.0,0.6550424228911984
9_64_0.0,59.140992407398215,0.6167698766391863,0.09048160304591213,9108.0,29529.0,1.0,
9_65_0.0,1906.1931619203797,0.16731775779327396,0.09701138858798067,9072.0,4426100.0,1.0,
9_66_0.0,137.10648348924153,0.7119127093024115,0.08478611235832234,10287.0,26811.0,1.0,
9_66_1.0,1747.698284350677,0.15205583218910199,0.07609904478622627,26820.0,4426100.0,2.0,0.5598568771133094
9_67_0.0,1865.1163006625525,0.14128635709890894,0.0597842506098392,12663.0,4426100.0,1.0,
9_68_0.0,1863.376061894093,0.14320650872982996,0.061087238006672324,9018.0,4426100.0,1.0,
9_69_0.0,236.88664771867852,0.7313812079523873,0.11064329352152924,9018.0,63765.0,1.0,
9_69_1.0,380.66412446039567,0.4949159657145161,0.07854156810531322,64062.0,122470.0,2.0,0.2364652422378709
9_69_2.0,1245.4656093939639,0.14698593042996325,0.0718922571864379,122600.0,4426100.0,2.0,0.3479300352845529
9_6_0.0,426.34864688003853,0.21222180846335548,0.0644166767468971,10215.0,1551600.0,1.0,
9_70_0.0,130.50888543959272,0.6580610783255956,0.14674607452910796,10287.0,25938.0,1.0,
9_70_1.0,1688.4246996919335,0.15168826189828175,0.07880355970580309,25947.0,4426100.0,2.0,0.5063728164273138
9_71_0.0,125.26325637407065,0.4193688698623182,0.12991215470397438,11970.0,34452.0,1.0,
9_72_0.0,149.39881492812347,0.5049215090967802,0.11705823291829424,9108.0,31140.0,1.0,
9_73_0.0,188.3939971387226,0.6288565875711428,0.06762949816219814,10377.0,24327.0,1.0,
9_74_0.0,133.4936718245485,0.7545192162648139,0.10399986336059187,9747.0,30717.0,1.0,
9_74_1.0,1482.1825683755274,0.14604844132955358,0.07063841471139708,30771.0,4426100.0,2.0,0.6084707749352603
9_75_0.0,1420.2972175597165,0.142794701579603,0.06801453059706555,9900.0,4426100.0,1.0,
9_76_0.0,254.24981424811287,0.6623251356748447,0.11003300614245612,10098.0,38799.0,1.0,
9_76_1.0,1179.4888157528674,0.15082172585861842,0.07584449100093939,38808.0,4426100.0,2.0,0.5115034098162267
9_77_0.0,37.50423797477411,0.8328616571141807,0.07122762843326612,11394.0,11484.0,1.0,
9_77_1.0,1338.0244070877459,0.1493268831513553,0.07792468669962048,11493.0,4426100.0,2.0,0.6835347739628255
9_78_0.0,691.1079722855687,0.5730923507268926,0.11701687901385847,9126.0,188130.0,1.0,
9_78_1.0,515.324026276209,0.1803495328161884,0.07992696744779178,188260.0,4426100.0,2.0,0.3927428179107042
9_79_0.0,124.63770205837444,0.7879340290118839,0.07201912351597227,9225.0,20916.0,1.0,
9_79_1.0,1007.0616044102981,0.15780997491692955,0.08311193072416702,21519.0,4426100.0,2.0,0.6301240540949544
9_7_0.0,192.07964599387748,0.5836034458738986,0.049195489082082,10323.0,39186.0,1.0,
9_7_1.0,50.318905817053604,0.7708067600383527,0.10780986721461576,39195.0,56889.0,2.0,-0.18720331416445413
9_7_2.0,4164.347812543275,0.16924911243509871,0.06953479505516688,56898.0,4426100.0,2.0,0.6027120423502017
9_80_0.0,1108.0819961110376,0.14891047982062353,0.07522613545462069,9009.0,4426100.0,1.0,
9_81_0.0,320.2767710937328,0.5519677377713933,0.0990581317224746,13122.0,55656.0,1.0,
9_81_1.0,69.6007554111706,0.3230600135727026,0.06387501066112977,55845.0,64773.0,2.0,0.22890772419869065
9_81_2.0,234.26918626466897,0.5370808324559364,0.14386996360396148,64800.0,188260.0,2.0,-0.21945102298116748
9_82_0.0,1089.0524211640886,0.149885197154082,0.07558963711176599,9864.0,4426100.0,1.0,
9_83_0.0,610.2041779328724,0.5367166737689847,0.08155567028956401,9603.0,188260.0,1.0,
9_84_0.0,446.8360603342205,0.5101315075316419,0.07853736116533347,11025.0,188360.0,1.0,
9_85_0.0,266.93256247998846,0.6703851639893217,0.08530291768544758,9351.0,53613.0,1.0,
9_85_1.0,677.8763715212037,0.17695669940938855,0.0843799352556224,54846.0,4426100.0,2.0,0.4934284645799333
9_86_0.0,250.34945752111457,0.6433780748191212,0.0738119304083444,9216.0,54846.0,1.0,
9_87_0.0,836.956513432115,0.1609238189309844,0.08108793894141694,9648.0,4426100.0,1.0,
9_88_0.0,78.89782725584297,0.9060774984424712,0.13183546479702696,9072.0,13077.0,1.0,
9_88_1.0,681.7864863721162,0.18269790921876267,0.09465166816416437,13212.0,4426100.0,2.0,0.7233795892237085
9_89_0.0,187.0745980167053,0.7337257463467212,0.09760138943325232,9198.0,36027.0,1.0,
9_89_1.0,104.51381793260892,0.5307896607680265,0.1151198230266234,36315.0,4377300.0,2.0,0.2029360855786949
9_8_0.0,4385.4328610150515,0.1887613397820232,0.09902962037809644,9054.0,4426100.0,1.0,
9_90_0.0,112.91158344694323,0.4246367480397439,0.13317608317549326,9054.0,4391800.0,1.0,
9_91_0.0,121.86579308362137,0.7498459970364929,0.06884924471894731,9198.0,25524.0,1.0,
9_91_1.0,179.13873771571548,0.5945905425444381,0.1386951372498973,25668.0,45270.0,2.0,0.16897824546279605
9_91_2.0,253.3529501611628,0.8121571754463102,0.07598933402880821,45279.0,119180.0,2.0,-0.23128942387261345
9_91_3.0,286.03446653533814,0.17294856848193968,0.09518177782039286,119190.0,4803000.0,2.0,0.6392086069643707
9_92_0.0,248.86847047578456,0.6067392464248413,0.09916400644702704,9018.0,38052.0,1.0,
9_92_1.0,238.0403146234233,0.8291422112295578,0.09650454422375182,38061.0,119180.0,2.0,-0.22240296480471625
9_93_0.0,141.95316228084562,0.6433642774150374,0.12152240879776555,9099.0,43614.0,1.0,
9_94_0.0,317.5143275126703,0.7345633204793682,0.06989710393350605,10791.0,28197.0,1.0,
9_94_1.0,39.883710400822345,1.0318446645992263,0.08794782453444808,28206.0,28296.0,2.0,-0.2972813441198582
9_94_2.0,375.6497882462654,0.18036730196871614,0.10129670878536767,28305.0,4803000.0,2.0,0.8514773626305101
9_95_0.0,159.20897226246475,0.7921024266847199,0.07659206945521838,9639.0,38853.0,1.0,
9_95_1.0,465.71436475664984,0.16728005074475552,0.0732200353572407,39033.0,4803000.0,2.0,0.6248223759399643
9_96_0.0,53.04852205818101,0.4657300514736288,0.1240019473445433,9360.0,4449200.0,1.0,
9_97_0.0,320.08778080338817,0.8031855394588967,0.11746247347774855,9063.0,16200.0,1.0,
9_97_1.0,284.0066510723457,0.16141987854672482,0.08451063518694611,17766.0,4803000.0,2.0,0.6417656609121716
9_98_0.0,116.99793714610406,0.8079022688365541,0.09454345577082378,9387.0,38853.0,1.0,
9_99_0.0,497.1741437504692,0.15099093356347734,0.05534926745334142,9000.0,4803000.0,1.0,
9_9_0.0,198.65164996562459,0.27848382682293604,0.05830250775426781,9189.0,44883.0,1.0,
9_9_1.0,161.57131175916913,0.6409884598640588,0.07228725301475349,44937.0,59175.0,2.0,-0.3625046330411227
9_9_2.0,51.108972473330326,0.9835299912066408,0.0849401490284506,59247.0,60768.0,2.0,-0.34254153134258203
9_9_3.0,3951.7817828788143,0.16388397219613765,0.06445737911528401,60777.0,4426100.0,2.0,0.8196460190105032
